Segville,International Airport,airSEG,airWMI,1,air1toWMI,
Segville,International Airport,airSEG,airEBI,1,air2toEBI,
Segville,International Airport,airSEG,airWOI,1,air3toWOI,
Segville,International Airport,airSEG,airMRI,1,air101toMRI,
Segville,International Airport,airSEG,airATC,1,air102toATC,
Segville,International Airport,airSEG,airWHT,1,air103toWHT,
Segville,International Airport,airSEG,airZAQ,1,air104toZAQ,
Segville,International Airport,airSEG,airLAR,1,air105toLAR,
Segville,International Airport,airSEG,airLHT,1,air106toLHT,
Segville,International Airport,airSEG,airEEA,1,air107toEEA,
Segville,International Airport,airSEG,airBVL,1,air108toBVL,
Segville,International Airport,airSEG,airVER,1,air110toVER,
Segville,International Airport,airSEG,airHZN,1,air111toHZN,
Segville,International Airport,airSEG,airTSA,1,air112toTSA,
Segville,International Airport,airSEG,airWMA,1,air113toWMA,
Segville,International Airport,airSEG,airNHR,1,air114toNHR,
Segville,International Airport,airSEG,airNBC,1,air115toNBC,
Segville,International Airport,airSEG,airCWB,1,air116toCWB,
Segville,International Airport,airSEG,airHND,1,air117toHND,
Segville,International Airport,airSEG,airSWH,1,air118toSWH,
Segville,International Airport,airSEG,airWCA,1,air119toWCA,
Segville,International Airport,airSEG,airSRX,1,air120toSRX,
Segville,International Airport,airSEG,airSVA,1,air121toSVA,
Segville,International Airport,airSEG,airSAN,1,air122toSAN,
Segville,International Airport,airSEG,airPAX,1,air123toPAX,
Segville,International Airport,airSEG,airAIS,1,air124toAIS,wp117toAIS
Segville,International Airport,airSEG,airTFA,1,air125toTFA,
Segville,International Airport,airSEG,airWYA,1,air126toWYA,
Segville,International Airport,airSEG,airSUA,1,air127toSUA,
Segville,International Airport,airSEG,airRAV,1,air128toRAV,
Segville,International Airport,airSEG,airCFA,1,air129toCFA,
Segville,International Airport,airSEG,airVIC,1,air130toVIC,
Segville,International Airport,airSEG,airNWT,1,air131toNWT,
Segville,International Airport,airSEG,airVCA,1,air132toVCA,
Segville,International Airport,airSEG,airZRZ,1,air133toZRZ,
Segville,International Airport,airSEG,airPXL,1,air134toPXL,
Segville,International Airport,airSEG,airFLC,1,air135toFLC,
Segville,International Airport,airSEG,airSSI,1,air136toSSI,
Segville,International Airport,airSEG,airVFW,1,air137toVFW,
Segville,International Airport,airSEG,airLFA,1,air138toLFA,
Segville,International Airport,airSEG,airMTA,1,air139toMTA,
Segville,International Airport,airSEG,airCHB,1,air140toCHB,
Segville,International Airport,airSEG,airGSM,1,air141toGSM,
Segville,International Airport,airSEG,airRSA,1,air142toRSA,
Segville,International Airport,airSEG,airKBN,1,air143toKBN,
Segville,International Airport,airSEG,airMSA,1,air144toMSA,
Segville,International Airport,airSEG,airGBE,1,air145toGBE,
Segville,International Airport,airSEG,airGZA,1,air146toGZA,
Segville,International Airport,airSEG,airMMA,1,air147toMMA,
Segville,International Airport,airSEG,airHIR,1,air148toHIR,
Segville,International Airport,airSEG,airCAL,1,air149toCAL,
Segville,International Airport,airSEG,airCIA,1,air150toCIA,
Segville,International Airport,airSEG,airKTI,1,air151toKTI,
Segville,International Airport,airSEG,airKTA,1,air152toKTA,
Segville,International Airport,airSEG,airFYA,1,air153toFYA,
Segville,International Airport,airSEG,airDFM,1,air154toDFM,
Segville,International Airport,airSEG,airMCI,1,air155toMCI,
Segville,International Airport,airSEG,airDHA,1,air156toDHA,
Segville,International Airport,airSEG,airRVA,1,air157toRVA,
Segville,International Airport,airSEG,airAFK,1,air158toAFK,
Segville,International Airport,airSEG,airKPC,1,air159toKPC,
Segville,International Airport,airSEG,airCBZ,1,air160toCBZ,
Segville,International Airport,airSEG,airMAX,1,air161toMAX,wp124toMAX
Segville,International Airport,airSEG,airNIL,1,air162toNIL,
Segville,International Airport,airSEG,airHAM,1,air163toHAM,
Segville,International Airport,airSEG,airPIA,1,air164toPIA,
Segville,International Airport,airSEG,airLBX,1,air165toLBX,
Segville,International Airport,airSEG,airRED,1,air166toRED,
Segville,International Airport,airSEG,airMWT,1,air168toMWT,
Segville,International Airport,airSEG,airNMW,1,air169toNMW,
Segville,International Airport,airSEG,airMBI,1,air170toMBI,
Segville,International Airport,airSEG,airYYN,1,air171toYYN,
Segville,International Airport,airSEG,airBRO,1,air172toBRO,
Segville,International Airport,airSEG,airERZ1,1,air173toERZ,
Segville,International Airport,airSEG,airKWT,1,air174toKWT,
Segville,International Airport,airSEG,airATM,1,air175toATM,
Segville,International Airport,airSEG,airAXB,1,air176toAXB,
Segville,International Airport,airSEG,airKZH,1,air177toKZH,
Segville,International Airport,airSEG,airSHI,1,air178toSHI,
Segville,International Airport,airSEG,airFCE,1,air179toFCE,
Segville,International Airport,airSEG,airFYI,1,seg1toFYI,
Segville,International Airport,airSEG,airDBC,1,seg2toDBC,
Segville,International Airport,airSEG,airIXM,1,seg3toIXM,
Segville,International Airport,airSEG,airBFA,1,seg4toBFA,
Segville,International Airport,airSEG,airMLH,1,seg5toMLH,
Segville,International Airport,airSEG,airWRA,1,seg6toWRA,
Segville,International Airport,airSEG,airEIA,1,seg7toEIA,wp61toEIA
Segville,International Airport,airSEG,airRSQ,1,seg8toRSQ,
Segville,International Airport,airSEG,airPRA,1,seg9toPRA,
Segville,International Airport,airSEG,airVIA,1,seg10toVIA,
Segville,International Airport,airSEG,airDBI,1,seg11toDBI,
Segville,International Airport,airSEG,airVEX,1,seg12toVEX,
Segville,International Airport,airSEG,airPXA,1,seg13toPXA,
Segville,International Airport,airSEG,railSEG,30,walk,
,,,,,,
Deadbush,West Mesa International Airport,airWMI,airSEG,1,air1toSEG,
Deadbush,West Mesa International Airport,airWMI,airEBI,1,air4toEBI,wp167toEBI
Deadbush,West Mesa International Airport,airWMI,airWOI,1,air5toWOI,
Deadbush,West Mesa International Airport,airWMI,airCWI,1,air201toCWI,
Deadbush,West Mesa International Airport,airWMI,airFYA,1,air202toFYA,
Deadbush,West Mesa International Airport,airWMI,airCIA,1,air203toCIA,
Deadbush,West Mesa International Airport,airWMI,airSWH,1,air204toSWH,
Deadbush,West Mesa International Airport,airWMI,airGZA,1,air205toGZA,
Deadbush,West Mesa International Airport,airWMI,airDBC,1,air206toDBC,
Deadbush,West Mesa International Airport,airWMI,airBFA,1,air207toBFA,
Deadbush,West Mesa International Airport,airWMI,airSUA,1,air208toSUA,
Deadbush,West Mesa International Airport,airWMI,airWCA,1,air209toWCA,
Deadbush,West Mesa International Airport,airWMI,airWYA,1,air210toWYA,
Deadbush,West Mesa International Airport,airWMI,airTFA,1,air211toTFA,
Deadbush,West Mesa International Airport,airWMI,airPAX,1,air212toPAX,
Deadbush,West Mesa International Airport,airWMI,airNWT,1,air213toNWT,
Deadbush,West Mesa International Airport,airWMI,airMLH,1,air214toMLH,
Deadbush,West Mesa International Airport,airWMI,airZRZ,1,air215toZRZ,
Deadbush,West Mesa International Airport,airWMI,airRAV,1,air216toRAV,
Deadbush,West Mesa International Airport,airWMI,airVIC,1,air217toVIC,
Deadbush,West Mesa International Airport,airWMI,airAIS,1,air218toAIS,
Deadbush,West Mesa International Airport,airWMI,airIXM,1,air219toIXM,
Deadbush,West Mesa International Airport,airWMI,airCFA,1,air220toCFA,wp146toCFA
Deadbush,West Mesa International Airport,airWMI,airHND,1,air221toHND,
Deadbush,West Mesa International Airport,airWMI,airCBZ,1,air222toCBZ,
Deadbush,West Mesa International Airport,airWMI,airMAX,1,air223toMAX,
Deadbush,West Mesa International Airport,airWMI,airNIL,1,air224toNIL,
Deadbush,West Mesa International Airport,airWMI,airZAQ,1,air225toZAQ,
Deadbush,West Mesa International Airport,airWMI,airATC,1,air226toATC,
Deadbush,West Mesa International Airport,airWMI,airAFK,1,air227toAFK,
Deadbush,West Mesa International Airport,airWMI,airMSA,1,air228toMSA,
Deadbush,West Mesa International Airport,airWMI,airMTA,1,air229toMTA,
Deadbush,West Mesa International Airport,airWMI,airDHA,1,air230toDHA,
Deadbush,West Mesa International Airport,airWMI,airRSA,1,air231toRSA,
Deadbush,West Mesa International Airport,airWMI,airKBN,1,air232toKBN,
Deadbush,West Mesa International Airport,airWMI,airCHB,1,air233toCHB,
Deadbush,West Mesa International Airport,airWMI,airEEA,1,air234toEEA,
Deadbush,West Mesa International Airport,airWMI,airEIA,1,air235toEIA,wp71toEIA
Deadbush,West Mesa International Airport,airWMI,airLFA,1,air236toLFA,
Deadbush,West Mesa International Airport,airWMI,airVFW,1,air237toVFW,
Deadbush,West Mesa International Airport,airWMI,airWHT,1,air238toWHT,
Deadbush,West Mesa International Airport,airWMI,airFLC,1,air239toFLC,
Deadbush,West Mesa International Airport,airWMI,airGSM,1,air240toGSM,
Deadbush,West Mesa International Airport,airWMI,airPXL,1,air241toPXL,
Deadbush,West Mesa International Airport,airWMI,airCAL,1,air242toCAL,
Deadbush,West Mesa International Airport,airWMI,airVCA,1,air243toVCA,
Deadbush,West Mesa International Airport,airWMI,airMCI,1,air244toMCI,
Deadbush,West Mesa International Airport,airWMI,airKTA,1,air245toKTA,
Deadbush,West Mesa International Airport,airWMI,airGBE,1,air246toGBE,
Deadbush,West Mesa International Airport,airWMI,airMMA,1,air247toMMA,
Deadbush,West Mesa International Airport,airWMI,airKPC,1,air248toKPC,
Deadbush,West Mesa International Airport,airWMI,airWMA,1,air249toWMA,
Deadbush,West Mesa International Airport,airWMI,airNHR,1,air250toNHR,wp142toNHR
Deadbush,West Mesa International Airport,airWMI,airNBC,1,air251toNBC,
Deadbush,West Mesa International Airport,airWMI,airNMW,1,air252toNMW,
Deadbush,West Mesa International Airport,airWMI,airPRA,1,air253toPRA,
Deadbush,West Mesa International Airport,airWMI,airFSI,1,wp144toFSI,
Deadbush,West Mesa International Airport,airWMI,airTPA,1,wp160toTPA,
Deadbush,West Mesa International Airport,airWMI,airTCB,1,wp179toTCB,
,,,,,,
Elecna Bay,International Airport,airEBI,airSEG,1,air2toSEG,
Elecna Bay,International Airport,airEBI,airWMI,1,air4toWMI,wp167toWMI
Elecna Bay,International Airport,airEBI,airWOI,1,air6toWOI,
Elecna Bay,International Airport,airEBI,airOPA,1,air301toOPA,
Elecna Bay,International Airport,airEBI,airDJE,1,air302toDJE,
Elecna Bay,International Airport,airEBI,airHIR,1,air303toHIR,
Elecna Bay,International Airport,airEBI,airMLH,1,air304toMLH,
Elecna Bay,International Airport,airEBI,airFSI,1,air305toFSI,
Elecna Bay,International Airport,airEBI,airCWI,1,air306toCWI,
Elecna Bay,International Airport,airEBI,airVER,1,air307toVER,
Elecna Bay,International Airport,airEBI,airHZN,1,air308toHZN,
Elecna Bay,International Airport,airEBI,airFYI,1,air309toFYI,
Elecna Bay,International Airport,airEBI,airLHT,1,air310toLHT,
Elecna Bay,International Airport,airEBI,airRVA,1,air311toRVA,
Elecna Bay,International Airport,airEBI,airIXM,1,air312toIXM,
Elecna Bay,International Airport,airEBI,airKNT,1,air313toKNT,
Elecna Bay,International Airport,airEBI,airBVL,1,air314toBVL,
Elecna Bay,International Airport,airEBI,airKTI,1,air315toKTI,
Elecna Bay,International Airport,airEBI,airJDL,1,air316toJDL,
Elecna Bay,International Airport,airEBI,airSRX,1,air317toSRX,
Elecna Bay,International Airport,airEBI,airTSA,1,air318toTSA,
Elecna Bay,International Airport,airEBI,airLAR,1,air319toLAR,
Elecna Bay,International Airport,airEBI,airEEA,1,air320toEEA,
Elecna Bay,International Airport,airEBI,airSSI,1,air321toSSI,
Elecna Bay,International Airport,airEBI,airCBI,1,air322toCBI,
Elecna Bay,International Airport,airEBI,airEIA,1,air324toEIA,
Elecna Bay,International Airport,airEBI,airATC,1,air325toATC,
Elecna Bay,International Airport,airEBI,airKMA,1,air326toKMA,
Elecna Bay,International Airport,airEBI,airMRI,1,air327toMRI,
Elecna Bay,International Airport,airEBI,airNIL,1,air328toNIL,
Elecna Bay,International Airport,airEBI,airDBC,1,air329toDBC,
Elecna Bay,International Airport,airEBI,airDFM,1,air330toDFM,
Elecna Bay,International Airport,airEBI,airHAM,1,air331toHAM,
Elecna Bay,International Airport,airEBI,airLBX,1,air332toLBX,
Elecna Bay,International Airport,airEBI,airMWT,1,air333toMWT,
Elecna Bay,International Airport,airEBI,airPXA,1,air334toPXA,
Elecna Bay,International Airport,airEBI,airMAX,1,wp168toMAX,
Elecna Bay,International Airport,airEBI,airSHP,1,segHeli8toSHP,
Elecna Bay,International Airport,airEBI,airCCH,1,eastern1toCCH,
Elecna Bay,International Airport,airEBI,airCWB,1,eastern8toCWB,
,,,,,,
Achowalogen Takachsin-Covina,International Airport,airATC,airSEG,1,air102toSEG,
Achowalogen Takachsin-Covina,International Airport,airATC,airWMI,1,air226toWMI,
Achowalogen Takachsin-Covina,International Airport,airATC,airEBI,1,air325toEBI,
Achowalogen Takachsin-Covina,International Airport,airATC,airWOI,1,air408toWOI,
Achowalogen Takachsin-Covina,International Airport,airATC,airMAX,1,air503toMAX,
Achowalogen Takachsin-Covina,International Airport,airATC,airCBI,1,air526toCBI,
Achowalogen Takachsin-Covina,International Airport,airATC,airNIL,1,air530toNIL,
Achowalogen Takachsin-Covina,International Airport,airATC,airSSI,1,air540toSSI,
Achowalogen Takachsin-Covina,International Airport,airATC,airHZN,1,air541toHZN,
Achowalogen Takachsin-Covina,International Airport,airATC,airFYI,1,air542toFYI,
Achowalogen Takachsin-Covina,International Airport,airATC,airZAQ,1,air543toZAQ,
Achowalogen Takachsin-Covina,International Airport,airATC,airRVA,1,air544toRVA,
Achowalogen Takachsin-Covina,International Airport,airATC,airMLH,1,air545toMLH,
Achowalogen Takachsin-Covina,International Airport,airATC,airKTI,1,air546toKTI,
Achowalogen Takachsin-Covina,International Airport,airATC,airWZA,1,air547toWZA,
Achowalogen Takachsin-Covina,International Airport,airATC,airAFK,1,air548toAFK,
Achowalogen Takachsin-Covina,International Airport,airATC,airRAV,1,air549toRAV,
Achowalogen Takachsin-Covina,International Airport,airATC,airHIR,1,air550toHIR,
Achowalogen Takachsin-Covina,International Airport,airATC,airLHT,1,air551toLHT,
Achowalogen Takachsin-Covina,International Airport,airATC,airVFW,1,air552toVFW,
Achowalogen Takachsin-Covina,International Airport,airATC,airVIC,1,air553toVIC,
Achowalogen Takachsin-Covina,International Airport,airATC,airGZA,1,air554toGZA,
Achowalogen Takachsin-Covina,International Airport,airATC,airCYR,1,air708toCYR,
Achowalogen Takachsin-Covina,International Airport,airATC,airMRI,1,air710toMRI,
Achowalogen Takachsin-Covina,International Airport,airATC,airMRR,1,air717toMRR,
Achowalogen Takachsin-Covina,International Airport,airATC,airEIA,1,wp53toEIA,
Achowalogen Takachsin-Covina,International Airport,airATC,railATC,30,walk,
,,,,,,
Aeolia,Mixolydia Airstrip,airAMA,airEIA,1,wp172toEIA,
,,,,,,
Airchester,Airfield,airACA,airMAX,1,wp177toMAX,
Airchester,Airfield,airACA,airTCB,1,wp178toTCB,
Airchester,Airfield,airACA,airCBZ,1,wp180toCBZ,
Airchester,Airfield,airACA,airFSI,1,wp181toFSI,
Airchester,Airfield,airACA,airSSR,1,poseidon2toSSR,
Airchester,Airfield,airACA,railACA,30,walk,
,,,,,,
Airchester,Epsilon International Airport,airEIA,airWMI,1,air235toWMI,wp71toWMI
Airchester,Epsilon International Airport,airEIA,airEBI,1,air324toEBI,
Airchester,Epsilon International Airport,airEIA,airWOI,1,air404toWOI,
Airchester,Epsilon International Airport,airEIA,airTSA,1,air555toTSA,
Airchester,Epsilon International Airport,airEIA,airGBE,1,air556toGBE,
Airchester,Epsilon International Airport,airEIA,airGSM,1,air557toGSM,
Airchester,Epsilon International Airport,airEIA,airHIR,1,air641toHIR,
Airchester,Epsilon International Airport,airEIA,airKNT,1,air642toKNT,
Airchester,Epsilon International Airport,airEIA,airLHT,1,air643toLHT,
Airchester,Epsilon International Airport,airEIA,airZAQ,1,air644toZAQ,
Airchester,Epsilon International Airport,airEIA,airEEA,1,air645toEEA,
Airchester,Epsilon International Airport,airEIA,airHZN,1,air646toHZN,
Airchester,Epsilon International Airport,airEIA,airSSI,1,air647toSSI,
Airchester,Epsilon International Airport,airEIA,airKTI,1,air648toKTI,
Airchester,Epsilon International Airport,airEIA,airCWI,1,air649toCWI,
Airchester,Epsilon International Airport,airEIA,airMWT,1,air659toMWT,
Airchester,Epsilon International Airport,airEIA,airMBI,1,air663toMBI,
Airchester,Epsilon International Airport,airEIA,airMRR,1,air716toMRR,
Airchester,Epsilon International Airport,airEIA,airSEG,1,seg7toSEG,wp61toSEG
Airchester,Epsilon International Airport,airEIA,airMRI,1,wp1toMRI,
Airchester,Epsilon International Airport,airEIA,airMLH,1,wp2toMLH,
Airchester,Epsilon International Airport,airEIA,airFYA,1,wp18toFYA,
Airchester,Epsilon International Airport,airEIA,airCYR,1,wp20toCYR,
Airchester,Epsilon International Airport,airEIA,airAFK,1,wp21toAFK,
Airchester,Epsilon International Airport,airEIA,airBFA,1,wp22toBFA,
Airchester,Epsilon International Airport,airEIA,airNWT,1,wp23toNWT,
Airchester,Epsilon International Airport,airEIA,airNIL,1,wp25toNIL,
Airchester,Epsilon International Airport,airEIA,airVFW,1,wp26toVFW,
Airchester,Epsilon International Airport,airEIA,airWZA,1,wp27toWZA,
Airchester,Epsilon International Airport,airEIA,airHND,1,wp28toHND,
Airchester,Epsilon International Airport,airEIA,airRAV,1,wp30toRAV,
Airchester,Epsilon International Airport,airEIA,airMCA,1,wp38toMCA,
Airchester,Epsilon International Airport,airEIA,airMAX,1,wp39toMAX,
Airchester,Epsilon International Airport,airEIA,airRSQ,1,wp40toRSQ,
Airchester,Epsilon International Airport,airEIA,airWYA,1,wp41toWYa,
Airchester,Epsilon International Airport,airEIA,airSIA,1,wp42toSIA,
Airchester,Epsilon International Airport,airEIA,airWHT,1,wp43toWHT,
Airchester,Epsilon International Airport,airEIA,airEVL,1,wp45toEVL,
Airchester,Epsilon International Airport,airEIA,airSSH,1,wp46toSSH,
Airchester,Epsilon International Airport,airEIA,airNWA,1,wp48toNWA,
Airchester,Epsilon International Airport,airEIA,airATC,1,wp53toATC,
Airchester,Epsilon International Airport,airEIA,airIXM,1,wp54toIXM,
Airchester,Epsilon International Airport,airEIA,airSRX,1,wp57toSRX,
Airchester,Epsilon International Airport,airEIA,airBVL,1,wp60toBVL,
Airchester,Epsilon International Airport,airEIA,airMCI,1,wp62toMCI,
Airchester,Epsilon International Airport,airEIA,airPAX,1,wp70toPAX,
Airchester,Epsilon International Airport,airEIA,airZRZ,1,wp72toZRZ,
Airchester,Epsilon International Airport,airEIA,airPXL,1,wp73toPXL,
Airchester,Epsilon International Airport,airEIA,airFLC,1,wp74toFLC,
Airchester,Epsilon International Airport,airEIA,airCWB,1,wp76toCWB,
Airchester,Epsilon International Airport,airEIA,airWER,1,wp77toWER,
Airchester,Epsilon International Airport,airEIA,airCFA,1,wp82toCFA,
Airchester,Epsilon International Airport,airEIA,airNHR,1,wp84toNHR,
Airchester,Epsilon International Airport,airEIA,airDBC,1,wp86toDBC,
Airchester,Epsilon International Airport,airEIA,airCIA,1,wp88toCIA,
Airchester,Epsilon International Airport,airEIA,airWCA,1,wp89toWCA,
Airchester,Epsilon International Airport,airEIA,airRVA,1,wp90toRVA,
Airchester,Epsilon International Airport,airEIA,airCHB,1,wp91toCHB,
Airchester,Epsilon International Airport,airEIA,airLAR,1,wp93toLAR,
Airchester,Epsilon International Airport,airEIA,airTBI,1,wp94toTBI,
Airchester,Epsilon International Airport,airEIA,airVIC,1,wp95toVIC,
Airchester,Epsilon International Airport,airEIA,airPCE,1,wp98toPCE,
Airchester,Epsilon International Airport,airEIA,airDHA,1,wp102toDHA,
Airchester,Epsilon International Airport,airEIA,airAIS,1,wp103toAIS,
Airchester,Epsilon International Airport,airEIA,airSTS,1,wp104toSTS,
Airchester,Epsilon International Airport,airEIA,airPMA,1,wp106toPMA,
Airchester,Epsilon International Airport,airEIA,airNGY,1,wp109toNGY,
Airchester,Epsilon International Airport,airEIA,airVER,1,wp118toVER,
Airchester,Epsilon International Airport,airEIA,airXSE,1,wp127toXSE,
Airchester,Epsilon International Airport,airEIA,airABG,1,wp128toABG,
Airchester,Epsilon International Airport,airEIA,airSKA,1,wp139toSKA,
Airchester,Epsilon International Airport,airEIA,airMRS,1,wp147toMRS,
Airchester,Epsilon International Airport,airEIA,airRED,1,wp159toRED,
Airchester,Epsilon International Airport,airEIA,airMTA,1,wp162toMTA,
Airchester,Epsilon International Airport,airEIA,airRSZ,1,wp165toRSZ,
Airchester,Epsilon International Airport,airEIA,airSVS,1,wp166toSVS,
Airchester,Epsilon International Airport,airEIA,airMPI,1,wp169toMPI,
Airchester,Epsilon International Airport,airEIA,airAMA,1,wp172toAMA,
Airchester,Epsilon International Airport,airEIA,airOPA,1,wp175toOPA,
Airchester,Epsilon International Airport,airEIA,airLNT,1,wp188toLNT,
Airchester,Epsilon International Airport,airEIA,airDBI,1,wp190toDBI,
Airchester,Epsilon International Airport,airEIA,airKWT,1,wp191toKWT,
Airchester,Epsilon International Airport,airEIA,airPXA,1,wp192toPXA,
Airchester,Epsilon International Airport,airEIA,airLNK,1,eastern2toLNK,
Airchester,Epsilon International Airport,airEIA,airITC,1,eastern3toITC,
Airchester,Epsilon International Airport,airEIA,airCCH,1,eastern4toCCH,
Airchester,Epsilon International Airport,airEIA,airKPC,1,eastern6toKPC,
,,,,,,
Alexandriasburg,Airfield,airAXB,airSEG,1,air176toSEG,
Alexandriasburg,Airfield,airAXB,airDFM,1,air677toDFM,
Alexandriasburg,Airfield,airAXB,airZAQ,1,air678toZAQ,
Alexandriasburg,Airfield,airAXB,busAXB,30,walk,
,,,,,,
Anthro Island,Airport,airAIS,airSEG,1,air124toSEG,wp117toSEG
Anthro Island,Airport,airAIS,airWMI,1,air218toWMI,
Anthro Island,Airport,airAIS,airZAQ,1,air585toZAQ,
Anthro Island,Airport,airAIS,airEIA,1,wp103toEIA,
Anthro Island,Airport,airAIS,airWRA,1,wp105toWRA,
Anthro Island,Airport,airAIS,airMAX,1,wp107toMAX,
Anthro Island,Airport,airAIS,airNIL,1,wp110toNIL,
Anthro Island,Airport,airAIS,airAFK,1,wp112toAFK,
Anthro Island,Airport,airAIS,airHIR,1,wp114toHIR,
Anthro Island,Airport,airAIS,railAIS,30,walk,
,,,,,,
Antioch,Regional Airfield,airANA,airMAX,1,wp129toMAX,
Antioch,Regional Airfield,airANA,airIXM,1,wp130toIXM,
,,,,,,
Antioch-Bay Point,Garvey International Airport,airABG,airEIA,1,wp128toEIA,
Antioch-Bay Point,Garvey International Airport,airABG,airBVL,1,wp131toBVL,
Antioch-Bay Point,Garvey International Airport,airABG,airMAX,1,wp132toMAX,
Antioch-Bay Point,Garvey International Airport,airABG,airDJE,1,wp137toDJE,
Antioch-Bay Point,Garvey International Airport,airABG,airVDA,1,wp153toVDA,
Antioch-Bay Point,Garvey International Airport,airABG,airTPA,1,wp161toTPA,
Antioch-Bay Point,Garvey International Airport,airABG,airCBZ,1,wp163toCBZ,
,,,,,,
Astoria,Werk-En-Rust Airfield,airWER,airEIA,1,wp77toEIA,
,,,,,,
Atami,Itazuke Airport,airATM,airSEG,1,air175toSEG,
Atami,Itazuke Airport,airATM,airDHA,1,air675toDHA,
Atami,Itazuke Airport,airATM,airKTA,1,air676toKTA,
,,,,,,
Bakersville,Fairfield Airfield,airBFA,airWMI,1,air207toWMI,
Bakersville,Fairfield Airfield,airBFA,airWOI,1,air440toWMI,
Bakersville,Fairfield Airfield,airBFA,airLAR,1,air616toLAR,
Bakersville,Fairfield Airfield,airBFA,airSEG,1,seg4toSEG,
Bakersville,Fairfield Airfield,airBFA,airEIA,1,wp22toEIA,
Bakersville,Fairfield Airfield,airBFA,airMAX,1,wp108toMAX,
Bakersville,Fairfield Airfield,airBFA,airDJE,1,wp136toDJE,
Bakersville,Fairfield Airfield,airBFA,airHMH,1,heamp8toHMH,
Bakersville,Fairfield Airfield,airBFA,railBFA,30,walk,
,,,,,,
BirchView,Leydon International Airport,airBVL,airSEG,1,air108toSEG,
BirchView,Leydon International Airport,airBVL,airEBI,1,air314toEBI,
BirchView,Leydon International Airport,airBVL,airFYI,1,air560toFYI,
BirchView,Leydon International Airport,airBVL,airZAQ,1,air577toZAQ,
BirchView,Leydon International Airport,airBVL,airHIR,1,air589toHIR,
BirchView,Leydon International Airport,airBVL,airLHT,1,air590toLHT,
BirchView,Leydon International Airport,airBVL,airEEA,1,air591toEEA,
BirchView,Leydon International Airport,airBVL,airKNT,1,air592toKNT,
BirchView,Leydon International Airport,airBVL,airCWI,1,air593toCWI,wp134toCWI
BirchView,Leydon International Airport,airBVL,airEIA,1,wp60toEIA,
BirchView,Leydon International Airport,airBVL,airWHT,1,wp99toWHT,
BirchView,Leydon International Airport,airBVL,airMAX,1,wp125toMAX,
BirchView,Leydon International Airport,airBVL,airABG,1,wp131toABG,
,,,,,,
Birchwood,Municipal Heliport,airBMH,airNIL,1,heli14toNIL,
Birchwood,Municipal Heliport,airBMH,railBCH,30,walk,
,,,,,,
Broville,Airfield,airBRO,airSEG,1,air172toSEG,
Broville,Airfield,airBRO,airDFM,1,air666toDFM,
Broville,Airfield,airBRO,airKTI,1,air667toKTI,
Broville,Airfield,airBRO,railBRO,30,walk,
,,,,,,
Caprica,Endorsement Docks,airEIC,airZAQ,1,poseidon4toZAQ,
,,,,,,
Carnoustie,International Airport,airCIA,airSEG,1,air150toSEG,
Carnoustie,International Airport,airCIA,airWMI,1,air203toWMI,
Carnoustie,International Airport,airCIA,airMLH,1,air571toMLH,
Carnoustie,International Airport,airCIA,airMSA,1,air625toMSA,
Carnoustie,International Airport,airCIA,airDFM,1,air628toDFM,
Carnoustie,International Airport,airCIA,airMMA,1,air635toMMA,
Carnoustie,International Airport,airCIA,airEIA,1,wp88toEIA,
Carnoustie,International Airport,airCIA,airDFM,1,wp157toDFM,
Carnoustie,International Airport,airCIA,airMAX,1,wp158toMAX,
,,,,,,
Central City,Heliport,airCCH,airARS,1,heli9toARS,
Central City,Heliport,airCCH,airZAQ,1,heli10toZAQ,
Central City,Heliport,airCCH,airSHP,1,segHeli9toSHP,
Central City,Heliport,airCCH,airHMH,1,heamp1toHMH,
Central City,Heliport,airCCH,airEBI,1,eastern1toEBI,
Central City,Heliport,airCCH,airEIA,1,eastern4toEIA,
Central City,Heliport,airCCH,airVCA,1,eastern5toVCA,
,,,,,,
Chalxior,Femtoprism Airfield,airCFA,airSEG,1,air129toSEG,
Chalxior,Femtoprism Airfield,airCFA,airWMI,1,air220toWMI,wp146toWMI
Chalxior,Femtoprism Airfield,airCFA,airZAQ,1,air586toZAQ,
Chalxior,Femtoprism Airfield,airCFA,airEIA,1,wp82toEIA,
Chalxior,Femtoprism Airfield,airCFA,airMAX,1,wp145toMAX,
Chalxior,Femtoprism Airfield,airCFA,airHMH,1,heamp13toHMH,
Chalxior,Femtoprism Airfield,airCFA,railCFA,30,walk,
,,,,,,
Chan Bay,International Airport,airCBI,airEBI,1,air322toEBI,
Chan Bay,International Airport,airCBI,airRVA,1,air516toRVA,
Chan Bay,International Airport,airCBI,airMLH,1,air517toMLH,
Chan Bay,International Airport,airCBI,airSSI,1,air518toSSI,
Chan Bay,International Airport,airCBI,airFYI,1,air519toFYI,
Chan Bay,International Airport,airCBI,airEEA,1,air520toEEA,
Chan Bay,International Airport,airCBI,airLHT,1,air521toLHT,
Chan Bay,International Airport,airCBI,airSRX,1,air522toSRX,
Chan Bay,International Airport,airCBI,airLAR,1,air523toLAR,
Chan Bay,International Airport,airCBI,airWHT,1,air524toWHT,
Chan Bay,International Airport,airCBI,airVER,1,air525toVER,
Chan Bay,International Airport,airCBI,airATC,1,air526toATC,
Chan Bay,International Airport,airCBI,airKMA,1,air701toKMA,
Chan Bay,International Airport,airCBI,airOSI,1,air723toOSI,
,,,,,,
Chan Bay,Airfield,airCHB,airSEG,1,air140toSEG,
Chan Bay,Airfield,airCHB,airWMI,1,air233toWMI,
Chan Bay,Airfield,airCHB,airWOI,1,air423toWOI,
Chan Bay,Airfield,airCHB,airMAX,1,air502toMAX,
Chan Bay,Airfield,airCHB,airOPA,1,air507toOPA,
Chan Bay,Airfield,airCHB,airDFM,1,air514toDFM,
Chan Bay,Airfield,airCHB,airDJE,1,air515toDJE,
Chan Bay,Airfield,airCHB,airCYR,1,air709toCYR,
Chan Bay,Airfield,airCHB,airLLM,1,air713toLLM,
Chan Bay,Airfield,airCHB,airEIA,1,wp91toEIA,
Chan Bay,Airfield,airCHB,airNIL,1,heli15toNIL,
Chan Bay,Airfield,airCHB,sailCBK,30,walk,
,,,,,,
Chan Bay,Zeta Airport,airCBZ,airSEG,1,air160toSEG,
Chan Bay,Zeta Airport,airCBZ,airWMI,1,air222toWMI,
Chan Bay,Zeta Airport,airCBZ,airMSA,1,air508toMSA,
Chan Bay,Zeta Airport,airCBZ,airDHA,1,air509toDHA,
Chan Bay,Zeta Airport,airCBZ,airRSA,1,air510toRSA,
Chan Bay,Zeta Airport,airCBZ,airKBN,1,air511toKBN,
Chan Bay,Zeta Airport,airCBZ,airNIL,1,air512toNIL,
Chan Bay,Zeta Airport,airCBZ,airCWB,1,air513toCWB,
Chan Bay,Zeta Airport,airCBZ,airGSM,1,air639toGSM,
Chan Bay,Zeta Airport,airCBZ,airMWT,1,air653toMWT,
Chan Bay,Zeta Airport,airCBZ,airERZ1,1,air670toERZ,
Chan Bay,Zeta Airport,airCBZ,airABG,1,wp163toABG,
Chan Bay,Zeta Airport,airCBZ,airKTI,1,wp164toKTI,
Chan Bay,Zeta Airport,airCBZ,airFYI,1,wp170toFYI,
Chan Bay,Zeta Airport,airCBZ,airACA,1,wp180toACA,
,,,,,,
Creeperville,International Airport,airHND,airSEG,1,air117toSEG,
Creeperville,International Airport,airHND,airWMI,1,air221toWMI,
Creeperville,International Airport,airHND,airSRX,1,air621toSRX,
Creeperville,International Airport,airHND,airEIA,1,wp28toEIA,
Creeperville,International Airport,airHND,railHND,30,walk,
,,,,,,
Dabecco,Regional Airport,airDBC,airWMI,1,air206toWMI,
Dabecco,Regional Airport,airDBC,airEBI,1,air329toEBI,
Dabecco,Regional Airport,airDBC,airWOI,1,air435toWOI,
Dabecco,Regional Airport,airDBC,airCWI,1,air596toCWI,
Dabecco,Regional Airport,airDBC,airAFK,1,air611toAFK,
Dabecco,Regional Airport,airDBC,airDFM,1,air613toDFM,
Dabecco,Regional Airport,airDBC,airSEG,1,seg2toSEG,
Dabecco,Regional Airport,airDBC,airEIA,1,wp86toEIA,
Dabecco,Regional Airport,airDBC,airHMH,1,heamp5toHMH,
Dabecco,Regional Airport,airDBC,busDBC,30,walk,
,,,,,,
Dand,Seaport,airDSP,airZAQ,1,poseidon15toZAQ,
Dand,Seaport,airDSP,airMMN,1,poseidon16toMMN,
Dand,Seaport,airDSP,sailDSP,0.1,walk,
,,,,,,
Deadbush,International Airport,airDBI,airSEG,1,seg11toSEG,
Deadbush,International Airport,airDBI,airEIA,1,wp190toEIA,
,,,,,,
Deadbush,Foxfoe Memorial Airport,airDFM,airSEG,1,air154toSEG,
Deadbush,Foxfoe Memorial Airport,airDFM,airEBI,1,air330toEBI,
Deadbush,Foxfoe Memorial Airport,airDFM,airWOI,1,air436toWOI,
Deadbush,Foxfoe Memorial Airport,airDFM,airCHB,1,air514toCHB,
Deadbush,Foxfoe Memorial Airport,airDFM,airNIL,1,air532toNIL,
Deadbush,Foxfoe Memorial Airport,airDFM,airHIR,1,air608toHIR,
Deadbush,Foxfoe Memorial Airport,airDFM,airIXM,1,air612toIXM,
Deadbush,Foxfoe Memorial Airport,airDFM,airDBC,1,air613toDBC,
Deadbush,Foxfoe Memorial Airport,airDFM,airVCA,1,air614toVCA,
Deadbush,Foxfoe Memorial Airport,airDFM,airWMA,1,air617toWMA,
Deadbush,Foxfoe Memorial Airport,airDFM,airWYA,1,air618toWYA,
Deadbush,Foxfoe Memorial Airport,airDFM,airDHA,1,air623toDHA,
Deadbush,Foxfoe Memorial Airport,airDFM,airMSA,1,air624toMSA,
Deadbush,Foxfoe Memorial Airport,airDFM,airOPA,1,air626toOPA,
Deadbush,Foxfoe Memorial Airport,airDFM,airSAN,1,air627toSAN,
Deadbush,Foxfoe Memorial Airport,airDFM,airCIA,1,air628toCIA,wp157toCIA
Deadbush,Foxfoe Memorial Airport,airDFM,airRVA,1,air629toRVA,wp154toRVA
Deadbush,Foxfoe Memorial Airport,airDFM,airBRO,1,air666toBRO,
Deadbush,Foxfoe Memorial Airport,airDFM,airERZ1,1,air671toERZ,
Deadbush,Foxfoe Memorial Airport,airDFM,airAXB,1,air677toAXB,
Deadbush,Foxfoe Memorial Airport,airDFM,airSHI,1,air681toSHI,
Deadbush,Foxfoe Memorial Airport,airDFM,airFYI,1,wp150toFYI,
Deadbush,Foxfoe Memorial Airport,airDFM,airMAX,1,wp151toMAX,
Deadbush,Foxfoe Memorial Airport,airDFM,airMPI,1,wp182toMPI,
Deadbush,Foxfoe Memorial Airport,airDFM,railDBP,30,walk,
,,,,,,
Deadbush,Johnston-Euphorial Airport,airDJE,airEBI,1,air302toEBI,
Deadbush,Johnston-Euphorial Airport,airDJE,airWOI,1,air425toWOI,
Deadbush,Johnston-Euphorial Airport,airDJE,airCHB,1,air515toCHB,
Deadbush,Johnston-Euphorial Airport,airDJE,airBFA,1,wp136toBFA,
Deadbush,Johnston-Euphorial Airport,airDJE,airABG,1,wp137toABG,
,,,,,,
Deadbush,Valletta Desert Airport,airVDA,airKTI,1,wp152toKTI,
Deadbush,Valletta Desert Airport,airVDA,airABG,1,wp153toABG,
,,,,,,
Dekuville,Harbor Airfield,airDHA,airSEG,1,air156toSEG,
Dekuville,Harbor Airfield,airDHA,airWMI,1,air230toWMI,
Dekuville,Harbor Airfield,airDHA,airCBZ,1,air509toCBZ,
Dekuville,Harbor Airfield,airDHA,airCWI,1,air598toCWI,
Dekuville,Harbor Airfield,airDHA,airDFM,1,air623toDFM,
Dekuville,Harbor Airfield,airDHA,airATM,1,air675toATM,
Dekuville,Harbor Airfield,airDHA,airEIA,1,wp102toEIA,
,,,,,,
Delta City,Olympia Heliport,airDLT,airNIL,1,heli20toNIL,
,,,,,,
Elecna Crescent,Heliport,airELC,airSHP,1,segHeli11toSHP,
,,,,,,
Encinitas,Embarcadero International Seaport,airEIS,airWAI,1,poseidon14toWAI,
Encinitas,Embarcadero International Seaport,airEIS,airERZ2,1,poseidon20toERZ,
,,,,,,
Endor,International Heliport,airEIH,airNIL,1,heli18toNIL,
,,,,,,
Erzville,Erzgard International Airport,airERZ1,airSEG,1,air173toSEG,
Erzville,Erzgard International Airport,airERZ1,airKNT,1,air668toKNT,
Erzville,Erzgard International Airport,airERZ1,airMBI,1,air669toMBI,
Erzville,Erzgard International Airport,airERZ1,airCBZ,1,air670toCBZ,
Erzville,Erzgard International Airport,airERZ1,airDFM,1,air671toDFM,
Erzville,Erzgard International Airport,airERZ1,airZAQ,1,air672toZAQ,
Erzville,Erzgard International Airport,airERZ1,airERZ2,0.1,walk,
,,,,,,
Erzville,Passenger Seaport,airERZ2,airWAI,1,poseidon18toWAI,
Erzville,Passenger Seaport,airERZ2,airMMN,1,poseidon19toMMN,
Erzville,Passenger Seaport,airERZ2,airEIS,1,poseidon20toEIS,
Erzville,Passenger Seaport,airERZ2,airERZ1,0.1,walk,
,,,,,,
Espil,Ecilidae Airport,airEEA,airSEG,1,air107toSEG,
Espil,Ecilidae Airport,airEEA,airWMI,1,air234toWMI,
Espil,Ecilidae Airport,airEEA,airEBI,1,air320toEBI,
Espil,Ecilidae Airport,airEEA,airCBI,1,air520toCBI,
Espil,Ecilidae Airport,airEEA,airNIL,1,air537toNIL,
Espil,Ecilidae Airport,airEEA,airFYI,1,air565toFYI,
Espil,Ecilidae Airport,airEEA,airBVL,1,air591toBVL,
Espil,Ecilidae Airport,airEEA,airCWI,1,air595toCWI,
Espil,Ecilidae Airport,airEEA,airSWH,1,air602toSWH,
Espil,Ecilidae Airport,airEEA,airPXL,1,air603toPXL,
Espil,Ecilidae Airport,airEEA,airPAX,1,air604toPAX,
Espil,Ecilidae Airport,airEEA,airAFK,1,air605toAFK,
Espil,Ecilidae Airport,airEEA,airLFA,1,air606toLFA,
Espil,Ecilidae Airport,airEEA,airFLC,1,air607toFLC,
Espil,Ecilidae Airport,airEEA,airEIA,1,air645toEIA,
Espil,Ecilidae Airport,airEEA,airNMW,1,air658toNMW,
Espil,Ecilidae Airport,airEEA,airYYN,1,air665toYYN,
Espil,Ecilidae Airport,airEEA,airMAX,1,wp120toMAX,
Espil,Ecilidae Airport,airEEA,airWHT,1,wp121toWHT,
Espil,Ecilidae Airport,airEEA,airSHP,1,segHeli13toSHP,
Espil,Ecilidae Airport,airEEA,airHMH,1,heamp10toHMH,
Espil,Ecilidae Airport,airEEA,busEEA,30,walk,
,,,,,,
Evella,Airport,airEVL,airEIA,1,wp45toEIA,
,,,,,,
Farwater,Lanecra Landing Strip,airFLC,airSEG,1,air135toSEG,
Farwater,Lanecra Landing Strip,airFLC,airWMI,1,air239toWMI,
Farwater,Lanecra Landing Strip,airFLC,airEEA,1,air607toEEA,
Farwater,Lanecra Landing Strip,airFLC,airEIA,1,wp74toEIA,
Farwater,Lanecra Landing Strip,airFLC,railLAF,30,walk,
Farwater,Lanecra Landing Strip,airFLC,busLAF,30,walk,
,,,,,,
Filipowice,Fryderyk Chopin Regional Airport,airFCE,airSEG,1,air179toFCE,
,,,,,,
Formosa-Sealane-Danielston,UCWT International Airport,airCWI,airWMI,1,air201toCWI,
Formosa-Sealane-Danielston,UCWT International Airport,airCWI,airEBI,1,air306toEBI,
Formosa-Sealane-Danielston,UCWT International Airport,airCWI,airWOI,1,air410toWOI,
Formosa-Sealane-Danielston,UCWT International Airport,airCWI,airNIL,1,air531toNIL,
Formosa-Sealane-Danielston,UCWT International Airport,airCWI,airFYI,1,air561toFYI,
Formosa-Sealane-Danielston,UCWT International Airport,airCWI,airZAQ,1,air581toZAQ,
Formosa-Sealane-Danielston,UCWT International Airport,airCWI,airBVL,1,air593toBVL,wp134toBVL
Formosa-Sealane-Danielston,UCWT International Airport,airCWI,airKTI,1,air594toKTI,
Formosa-Sealane-Danielston,UCWT International Airport,airCWI,airEEA,1,air595toEEA,
Formosa-Sealane-Danielston,UCWT International Airport,airCWI,airDBC,1,air596toDBC,
Formosa-Sealane-Danielston,UCWT International Airport,airCWI,airIXM,1,air597toIXM,
Formosa-Sealane-Danielston,UCWT International Airport,airCWI,airDHA,1,air598toDHA,
Formosa-Sealane-Danielston,UCWT International Airport,airCWI,airEIA,1,air649toEIA,
Formosa-Sealane-Danielston,UCWT International Airport,airCWI,airOSI,1,air724toOSI,
Formosa-Sealane-Danielston,UCWT International Airport,airCWI,airMAX,1,wp133toMAX,
Formosa-Sealane-Danielston,UCWT International Airport,airCWI,airOPA,1,wp189toOPA,
Formosa-Sealane-Danielston,UCWT International Airport,airCWI,airHMH,1,heamp9toHMH,
Formosa-Sealane-Danielston,UCWT International Airport,airCWI,railCWE,30,walk,
Formosa-Sealane-Danielston,UCWT International Airport,airCWI,railCWW,30,walk,
Formosa-Sealane-Danielston,UCWT International Airport,airCWI,busCWI,30,walk,
,,,,,,
Fort Yaxier,Airfield,airFYA,airSEG,1,air153toSEG,
Fort Yaxier,Airfield,airFYA,airWMI,1,air202toWMI,
Fort Yaxier,Airfield,airFYA,airAFK,1,air610toAFK,
Fort Yaxier,Airfield,airFYA,airEIA,1,wp18toEIA,
Fort Yaxier,Airfield,airFYA,airARS,1,heli11toARS,
,,,,,,
Fort Yaxier,International Airport,airFYI,airEBI,1,air309toEBI,
Fort Yaxier,International Airport,airFYI,airWOI,1,air409toWOI,
Fort Yaxier,International Airport,airFYI,airMAX,1,air506toMAX,wp171toMAX
Fort Yaxier,International Airport,airFYI,airCBI,1,air519toCBI,
Fort Yaxier,International Airport,airFYI,airATC,1,air542toATC,
Fort Yaxier,International Airport,airFYI,airHZN,1,air558toHZN,
Fort Yaxier,International Airport,airFYI,airVER,1,air559toVER,
Fort Yaxier,International Airport,airFYI,airBVL,1,air560toBVL,
Fort Yaxier,International Airport,airFYI,airCWI,1,air561toCWI,
Fort Yaxier,International Airport,airFYI,airSRX,1,air562toSRX,
Fort Yaxier,International Airport,airFYI,airFSI,1,air563toFSI,
Fort Yaxier,International Airport,airFYI,airKNT,1,air564toKNT,
Fort Yaxier,International Airport,airFYI,airEEA,1,air565toEEA,
Fort Yaxier,International Airport,airFYI,airLHT,1,air566toLHT,
Fort Yaxier,International Airport,airFYI,airKMA,1,air706toKMA,
Fort Yaxier,International Airport,airFYI,airSEG,1,seg1toSEG,
Fort Yaxier,International Airport,airFYI,airMLH,1,wp122toMLH,
Fort Yaxier,International Airport,airFYI,airSAN,1,wp149toSAN,
Fort Yaxier,International Airport,airFYI,airDFM,1,air150toDFM,
Fort Yaxier,International Airport,airFYI,airCBZ,1,air170toCBZ,
Fort Yaxier,International Airport,airFYI,airHMH,1,heamp6toHMH,
Fort Yaxier,International Airport,airFYI,sailFYS,30,walk,
,,,,,,
Freedon,Quartzwood Regional Airfield,airFQR,airSHP,1,segHeli2toSHP,
Freedon,Quartzwood Regional Airfield,airFQR,airHMH,1,heamp4toHMH,
Freedon,Quartzwood Regional Airfield,airFQR,railFQR,30,walk,
,,,,,,
Freedom,Silverwood International Airport,airFSI,airEBI,1,air305toEBI,
Freedom,Silverwood International Airport,airFSI,airWOI,1,air407toWOI,
Freedom,Silverwood International Airport,airFSI,airFYI,1,air563toFYI,
Freedom,Silverwood International Airport,airFSI,airMAX,1,wp143toMAX,wp184toMAX
Freedom,Silverwood International Airport,airFSI,airWMI,1,wp144toWMI,
Freedom,Silverwood International Airport,airFSI,airACA,1,wp181toACA,
Freedom,Silverwood International Airport,airFSI,railFSI,30,walk,
,,,,,,
Gander,Al Maktoum Seaplane Terminal,airGAN,airZAQ,1,poseidon17toZAQ,
,,,,,,
Gemstride,Melodia Airfield,airGSM,airSEG,1,air141toSEG,
Gemstride,Melodia Airfield,airGSM,airWOI,1,air441toWOI,
Gemstride,Melodia Airfield,airGSM,airEIA,1,air557toEIA,
Gemstride,Melodia Airfield,airGSM,airCBZ,1,air639toCBZ,
Gemstride,Melodia Airfield,airGSM,airGZA,1,air656toGZA,
Gemstride,Melodia Airfield,airGSM,airSVA,1,air657toSVA,
Gemstride,Melodia Airfield,airGSM,railGEM,30,walk,
,,,,,,
Geneva Bay,New Indigo International Airport,airGBE,airSEG,1,air145toSEG,
Geneva Bay,New Indigo International Airport,airGBE,airWMI,1,air246toWMI,
Geneva Bay,New Indigo International Airport,airGBE,airEIA,1,air556toEIA,
Geneva Bay,New Indigo International Airport,airGBE,railGBE,30,walk,
,,,,,,
Gillmont,Heliport,airGIL,airNIL,1,heli19toNIL,
,,,,,,
Grayzen,National Airport,airGZA,airSEG,1,air146toSEG,
Grayzen,National Airport,airGZA,airWMI,1,air205toWMI,
Grayzen,National Airport,airGZA,airATC,1,air554toATC,
Grayzen,National Airport,airGZA,airTFA,1,air599toTFA,
Grayzen,National Airport,airGZA,airAFK,1,air600toAFK,
Grayzen,National Airport,airGZA,airWHT,1,air601toWHT,
Grayzen,National Airport,airGZA,airKTI,1,air633toKTI,
Grayzen,National Airport,airGZA,airMWT,1,air654toMWT,
Grayzen,National Airport,airGZA,airGSM,1,air656toGSM,
Grayzen,National Airport,airGZA,railGZA,30,walk,
,,,,,,
Hamblin,Municipal Airport,airHAM,airSEG,1,air163toSEG,
Hamblin,Municipal Airport,airHAM,airEBI,1,air331toEBI,
Hamblin,Municipal Airport,airHAM,airPIA,1,air640toPIA,
,,,,,,
Deadbush,Heampstead Heliport,airHMH,airZAQ,1,heli13toZAQ,
Deadbush,Heampstead Heliport,airHMH,airSHP,1,segHeli7toSHP,
Deadbush,Heampstead Heliport,airHMH,airCCH,1,heamp1toCCH,
Deadbush,Heampstead Heliport,airHMH,airPMA,1,heamp2toPMA,
Deadbush,Heampstead Heliport,airHMH,airSVA,1,heamp3toSVA,
Deadbush,Heampstead Heliport,airHMH,airFQR,1,heamp4toFQR,
Deadbush,Heampstead Heliport,airHMH,airDBC,1,heamp5toDBC,
Deadbush,Heampstead Heliport,airHMH,airFYI,1,heamp6toFYI,
Deadbush,Heampstead Heliport,airHMH,airVCA,1,heamp7toVCA,
Deadbush,Heampstead Heliport,airHMH,airBFA,1,heamp8toBFA,
Deadbush,Heampstead Heliport,airHMH,airCWI,1,heamp9toCWI,
Deadbush,Heampstead Heliport,airHMH,airEEA,1,heamp10toEEA,
Deadbush,Heampstead Heliport,airHMH,airCWB,1,heamp11toCWB,
Deadbush,Heampstead Heliport,airHMH,airCFA,1,heamp13toCFA,
Deadbush,Heampstead Heliport,airHMH,airWMA,1,heamp14toWMA,
Deadbush,Heampstead Heliport,airHMH,airNWT,1,heamp15toNWT,
Deadbush,Heampstead Heliport,airHMH,airSRX,1,heamp16toSRX,
Deadbush,Heampstead Heliport,airHMH,airKTA,1,heamp17toKTA,
Deadbush,Heampstead Heliport,airHMH,railHMP,30,walk,
,,,,,,
Hummingbird Islands,Regional Airport,airHIR,airSEG,1,air148toSEG,
Hummingbird Islands,Regional Airport,airHIR,airEBI,1,air303toEBI,
Hummingbird Islands,Regional Airport,airHIR,airNIL,1,air535toNIL,
Hummingbird Islands,Regional Airport,airHIR,airATC,1,air550toATC,
Hummingbird Islands,Regional Airport,airHIR,airZAQ,1,air583toZAQ,
Hummingbird Islands,Regional Airport,airHIR,airBVL,1,air589toBVL,
Hummingbird Islands,Regional Airport,airHIR,airDFM,1,air608toDFM,
Hummingbird Islands,Regional Airport,airHIR,airLAR,1,air609toLAR,
Hummingbird Islands,Regional Airport,airHIR,airEIA,1,air641toEIA,
Hummingbird Islands,Regional Airport,airHIR,airRED,1,air650toRED,
Hummingbird Islands,Regional Airport,airHIR,airAIS,1,wp114toAIS,
Hummingbird Islands,Regional Airport,airHIR,airMAX,1,wp115toMAX,
,,,,,,
Ilirea,Transit Center,airITC,airWOI,1,heli5toWOI,
Ilirea,Transit Center,airITC,airSHP,1,segHeli4toSHP,
Ilirea,Transit Center,airITC,airEIA,1,eastern3toEIA,
Ilirea,Transit Center,airITC,railITC,30,walk,
,,,,,,
Ilirea,Midcity Airport,airIXM,airWMI,1,air219toWMI,
Ilirea,Midcity Airport,airIXM,airEBI,1,air312toEBI,
Ilirea,Midcity Airport,airIXM,airMLH,1,air568toMLH,
Ilirea,Midcity Airport,airIXM,airCWI,1,air597toCWI,
Ilirea,Midcity Airport,airIXM,airDFM,1,air612toDFM,
Ilirea,Midcity Airport,airIXM,airKMA,1,air702toKMA,
Ilirea,Midcity Airport,airIXM,airSEG,1,seg3toSEG,
Ilirea,Midcity Airport,airIXM,airEIA,1,wp54toEIA,
Ilirea,Midcity Airport,airIXM,airMAX,1,wp119toMAX,
Ilirea,Midcity Airport,airIXM,airANA,1,wp130toANA,
Ilirea,Midcity Airport,airIXM,railIXM,30,walk,
,,,,,,
Itavanga,Angalofa Port Royale,airAPR,airZAQ,1,poseidon3toZAQ,
Itavanga,Angalofa Port Royale,airAPR,airVIP,1,poseidon11toVIP,
Itavanga,Angalofa Port Royale,airAPR,airMIP,1,poseidon12toMIP,
,,,,,,
Itokani,Vakasuka International Airport,airVIA,airSEG,1,seg10toSEG,
,,,,,,
Itokani,Northern Waitui Seaplane Port,airWAI,airZAQ,1,poseidon13toZAQ,
Itokani,Northern Waitui Seaplane Port,airWAI,airEIS,1,poseidon14toEIS,
Itokani,Northern Waitui Seaplane Port,airWAI,airERZ2,1,poseidon18toERZ,
,,,,,,
Kanto,Airfield,airKTA,airSEG,1,air152toSEG,
Kanto,Airfield,airKTA,airWYA,1,air620toWYA,
Kanto,Airfield,airKTA,airATM,1,air676toATM,
Kanto,Airfield,airKTA,airHMH,1,heamp17toHMH,
,,,,,,
Kanto,International Airport,airKTI,airSEG,1,air151toSEG,
Kanto,International Airport,airKTI,airEBI,1,air315toEBI,
Kanto,International Airport,airKTI,airWOI,1,air403toWOI,
Kanto,International Airport,airKTI,airATC,1,air546toATC,
Kanto,International Airport,airKTI,airZAQ,1,air579toZAQ,
Kanto,International Airport,airKTI,airCWI,1,air594toCWI,
Kanto,International Airport,airKTI,airWCA,1,air631toWCA,
Kanto,International Airport,airKTI,airLAR,1,air632toLAR,
Kanto,International Airport,airKTI,airGZA,1,air633toGZA,
Kanto,International Airport,airKTI,airRVA,1,air634toRVA,
Kanto,International Airport,airKTI,airEIA,1,air648toEIA,
Kanto,International Airport,airKTI,airBRO,1,air667toBRO,
Kanto,International Airport,airKTI,airMRR,1,air718toMRR,
Kanto,International Airport,airKTI,airVDA,1,wp152toVDA,
Kanto,International Airport,airKTI,airCBZ,1,wp164toCBZ,
Kanto,International Airport,airKTI,airSHP,1,segHeli6toSHP,
,,,,,,
Kazeshima,Kuzhua Airport,airKZH,airSEG,1,air177toSEG,
Kazeshima,Kuzhua Airport,airKZH,airMAX,1,air679toMAX,
,,,,,,
Kenthurst,Aerodrome,airKNT,airEBI,1,air313toEBI,
Kenthurst,Aerodrome,airKNT,airFYI,1,air564toFYI,
Kenthurst,Aerodrome,airKNT,airMLH,1,air569toMLH,
Kenthurst,Aerodrome,airKNT,airVER,1,air588toVER,
Kenthurst,Aerodrome,airKNT,airBVL,1,air592toBVL,
Kenthurst,Aerodrome,airKNT,airEIA,1,air642toEIA,
Kenthurst,Aerodrome,airKNT,airERZ1,1,air668toERZ,
Kenthurst,Aerodrome,airKNT,railKNT,30,walk,
,,,,,,
Kleinsburg,Noord Airfield,airKBN,airSEG,1,air143toSEG,
Kleinsburg,Noord Airfield,airKBN,airWMI,1,air232toWMI,
Kleinsburg,Noord Airfield,airKBN,airCBZ,1,air511toCBZ,
,,,,,,
Kolpino,City Airport,airKPC,airSEG,1,air159toSEG,
Kolpino,City Airport,airKPC,airWMI,1,air248toWMI,
Kolpino,City Airport,airKPC,airMLH,1,air570toMLH,
Kolpino,City Airport,airKPC,airZAQ,1,heli12toZAQ,
Kolpino,City Airport,airKPC,airEIA,1,eastern6toEIA,
Kolpino,City Airport,airKPC,airVCA,1,eastern7toVCA,
Kolpino,City Airport,airKPC,railKPC,30,walk,
,,,,,,
Kwai Tin,Airfield,airKWT,airSEG,1,air174toSEG,
Kwai Tin,Airfield,airKWT,airAFK,1,air673toAFK,
Kwai Tin,Airfield,airKWT,airSUA,1,air674toSUA,
Kwai Tin,Airfield,airKWT,airEIA,1,wp191toEIA,
,,,,,,
Laclede,Harry S Truman International Airport,airLHT,airSEG,1,air106toSEG,
Laclede,Harry S Truman International Airport,airLHT,airEBI,1,air310toEBI,
Laclede,Harry S Truman International Airport,airLHT,airMAX,1,air505toMAX,
Laclede,Harry S Truman International Airport,airLHT,airCBI,1,air521toCBI,
Laclede,Harry S Truman International Airport,airLHT,airATC,1,air551toATC,
Laclede,Harry S Truman International Airport,airLHT,airFYI,1,air566toFYI,
Laclede,Harry S Truman International Airport,airLHT,airZAQ,1,air576toZAQ,
Laclede,Harry S Truman International Airport,airLHT,airBVL,1,air590toBVL,
Laclede,Harry S Truman International Airport,airLHT,airEIA,1,air643toEIA,
Laclede,Harry S Truman International Airport,airLHT,airPXA,1,air683toPXA,
Laclede,Harry S Truman International Airport,airLHT,airKMA,1,air704toKMA,
Laclede,Harry S Truman International Airport,airLHT,railLHT,30,walk,
,,,,,,
Lanark,North Tower Helipad,airLIH,airWOI,1,heli4toWOI,
Lanark,North Tower Helipad,airLIH,airLNK,30,walk,
Lanark,North Tower Helipad,airLIH,railLAN,30,walk,
,,,,,,
Lanark,Eastern Airways Heli Lines Boarding Center,airLNK,airEIA,1,eastern2toEIA,
Lanark,Eastern Airways Heli Lines Boarding Center,airLNK,airLIH,30,walk,
Lanark,Eastern Airways Heli Lines Boarding Center,airLNK,railLAN,30,walk,
,,,,,,
Lanark-Konawa,Horizon National Airport,airHZN,airSEG,1,air111toSEG,
Lanark-Konawa,Horizon National Airport,airHZN,airEBI,1,air308toEBI,
Lanark-Konawa,Horizon National Airport,airHZN,airATC,1,air541toATC,
Lanark-Konawa,Horizon National Airport,airHZN,airFYI,1,air558toFYI,
Lanark-Konawa,Horizon National Airport,airHZN,airJDL,1,air572toJDL,
Lanark-Konawa,Horizon National Airport,airHZN,airMTA,1,air573toMTA,
Lanark-Konawa,Horizon National Airport,airHZN,airNWT,1,air574toNWT,
Lanark-Konawa,Horizon National Airport,airHZN,airEIA,1,air646toEIA,
Lanark-Konawa,Horizon National Airport,airHZN,airCCX,1,air720toCCX,
Lanark-Konawa,Horizon National Airport,airHZN,airWHT,1,wp100toWHT,
Lanark-Konawa,Horizon National Airport,airHZN,railHZN,30,walk,
Lanark-Konawa,Horizon National Airport,airHZN,busHZN,30,walk,
,,,,,,
Lanatam,Airfield,airLNT,airEIA,1,wp188toEIA,
,,,,,,
Lapis Bay,Expo East Airport,airLBX,airSEG,1,air165toSEG,
Lapis Bay,Expo East Airport,airLBX,airEBI,1,air332toEBI,
Lapis Bay,Expo East Airport,airLBX,airMWT,1,air655toMWT,
Lapis Bay,Expo East Airport,airLBX,railLXB,30,walk,
,,,,,,
Larkspur,Lilyflower International Airport,airLAR,airSEG,1,air105toSEG,
Larkspur,Lilyflower International Airport,airLAR,airEBI,1,air319toEBI,
Larkspur,Lilyflower International Airport,airLAR,airCBI,1,air523toCBI,
Larkspur,Lilyflower International Airport,airLAR,airMLH,1,air567toMLH,
Larkspur,Lilyflower International Airport,airLAR,airZAQ,1,air578toZAQ,
Larkspur,Lilyflower International Airport,airLAR,airVER,1,air587toVER,
Larkspur,Lilyflower International Airport,airLAR,airHIR,1,air609toHIR,
Larkspur,Lilyflower International Airport,airLAR,airSVA,1,air615toSVA,
Larkspur,Lilyflower International Airport,airLAR,airBFA,1,air616toBFA,
Larkspur,Lilyflower International Airport,airLAR,airKTI,1,air632toKTI,
Larkspur,Lilyflower International Airport,airLAR,airCAL,1,air636toCAL,
Larkspur,Lilyflower International Airport,airLAR,airMMA,1,air638toMMA,
Larkspur,Lilyflower International Airport,airLAR,airEIA,1,wp93toEIA,
Larkspur,Lilyflower International Airport,airLAR,airNIL,1,heli17toNIL,
Larkspur,Lilyflower International Airport,airLAR,railLAR,30,walk,
,,,,,,
Larkspur,Frankford Airfield,airLFA,airSEG,1,air138toSEG,
Larkspur,Frankford Airfield,airLFA,airWMI,1,air236toWMI,
Larkspur,Frankford Airfield,airLFA,airEEA,1,air606toEEA,
,,,,,,
Macapa,IntraAir Poseidon Slip,airMIP,airZAQ,1,poseidon9toZAQ,
Macapa,IntraAir Poseidon Slip,airMIP,airVIP,1,poseidon10toVIP,
Macapa,IntraAir Poseidon Slip,airMIP,airAPR,1,poseidon12toAPR,
,,,,,,
Marblegate,Marblelake Heathrow International Airport,airMLH,airWMI,1,air214toWMI,
Marblegate,Marblelake Heathrow International Airport,airMLH,airEBI,1,air304toEBI,
Marblegate,Marblelake Heathrow International Airport,airMLH,airWOI,1,air402toWOI,
Marblegate,Marblelake Heathrow International Airport,airMLH,airCBI,1,air517toCBI,
Marblegate,Marblelake Heathrow International Airport,airMLH,airATC,1,air545toATC,
Marblegate,Marblelake Heathrow International Airport,airMLH,airLAR,1,air567toLAR,
Marblegate,Marblelake Heathrow International Airport,airMLH,airIXM,1,air568toIXM,
Marblegate,Marblelake Heathrow International Airport,airMLH,airKNT,1,air569toKNT,
Marblegate,Marblelake Heathrow International Airport,airMLH,airKPC,1,air570toKPC,
Marblegate,Marblelake Heathrow International Airport,airMLH,airCIA,1,air571toCIA,
Marblegate,Marblelake Heathrow International Airport,airMLH,airMRI,1,air711toMRI,
Marblegate,Marblelake Heathrow International Airport,airMLH,airSEG,1,seg5toSEG,
Marblegate,Marblelake Heathrow International Airport,airMLH,airEIA,1,wp2toEIA,
Marblegate,Marblelake Heathrow International Airport,airMLH,airMAX,1,wp5toMAX,
Marblegate,Marblelake Heathrow International Airport,airMLH,airFYI,1,wp122toFYI,
,,,,,,
Marisol,Regional Airfield,airMRS,airEIA,1,wp147toEIA,
,,,,,,
Mason City,International Airport,airMCI,airSEG,1,air155toSEG,
Mason City,International Airport,airMCI,airWMI,1,air244toWMI,
Mason City,International Airport,airMCI,airSSI,1,air622toSSI,
Mason City,International Airport,airMCI,airEIA,1,wp62toEIA,
Mason City,International Airport,airMCI,railMCI,30,walk,
,,,,,,
Miu Wan,Tseng Tsz Leng International Airport,airMWT,airSEG,1,air168toSEG,
Miu Wan,Tseng Tsz Leng International Airport,airMWT,airEBI,1,air333toEBI,
Miu Wan,Tseng Tsz Leng International Airport,airMWT,airCBZ,1,air653toCBZ,
Miu Wan,Tseng Tsz Leng International Airport,airMWT,airGZA,1,air654toCBZ,
Miu Wan,Tseng Tsz Leng International Airport,airMWT,airLBX,1,air655toLBX,
Miu Wan,Tseng Tsz Leng International Airport,airMWT,airEIA,1,air659toEIA,
Miu Wan,Tseng Tsz Leng International Airport,airMWT,airVER,1,air660toVER,
Miu Wan,Tseng Tsz Leng International Airport,airMWT,airWHT,1,air661toWHT,
,,,,,,
Mojangsburg,Suidplein Airfield,airMSA,airSEG,1,air144toSEG,
Mojangsburg,Suidplein Airfield,airMSA,airWMI,1,air228toWMI,
Mojangsburg,Suidplein Airfield,airMSA,airCBZ,1,air508toCBZ,
Mojangsburg,Suidplein Airfield,airMSA,airNIL,1,air533toNIL,
Mojangsburg,Suidplein Airfield,airMSA,airDFM,1,air624toDFM,
Mojangsburg,Suidplein Airfield,airMSA,airCIA,1,air625toCIA,
,,,,,,
Mojangsburg-Pretoria,Capital Airport,airMPI,airEIA,1,wp169toEIA,
Mojangsburg-Pretoria,Capital Airport,airMPI,airDFM,1,wp182toDFM,
Mojangsburg-Pretoria,Capital Airport,airMPI,airMAX,1,wp183toMAX,
,,,,,,
Mojang Town,Airfield,airMTA,airSEG,1,air139toSEG,
Mojang Town,Airfield,airMTA,airWMI,1,air229toWMI,
Mojang Town,Airfield,airMTA,airHZN,1,air573toHZN,
Mojang Town,Airfield,airMTA,airEIA,1,wp162toEIA,
,,,,,,
Moramoa,Mixed Martial Arts Airfield,airMMA,airSEG,1,air147toSEG,
Moramoa,Mixed Martial Arts Airfield,airMMA,airWMI,1,air247toWMI,
Moramoa,Mixed Martial Arts Airfield,airMMA,airZAQ,1,air582toZAQ,
Moramoa,Mixed Martial Arts Airfield,airMMA,airCIA,1,air635toCIA,
Moramoa,Mixed Martial Arts Airfield,airMMA,airCAL,1,air637toCAL,
Moramoa,Mixed Martial Arts Airfield,airMMA,airLAR,1,air638toLAR,
Moramoa,Mixed Martial Arts Airfield,airMMA,railMMA,30,walk,
,,,,,,
Mountbatten,International Airport,airMBI,airSEG,1,air170toSEG,
Mountbatten,International Airport,airMBI,airEIA,1,air663toEIA,
Mountbatten,International Airport,airMBI,airERZ1,1,air669toERZ,
,,,,,,
MRT Marina,,airMMN,airZAQ,1,poseidon5toZAQ,
MRT Marina,,airMMN,airDSP,1,poseidon16toDSP,
MRT Marina,,airMMN,airERZ2,1,poseidon19toERZ,
,,,,,,
Murrville-Arcadia,International Airport,airMAX,airSEG,1,air161toSEG,wp124toSEG
Murrville-Arcadia,International Airport,airMAX,airWMI,1,air223toWMI,
Murrville-Arcadia,International Airport,airMAX,airWOI,1,air424toWOI,
Murrville-Arcadia,International Airport,airMAX,airZRZ,1,air501toZRZ,
Murrville-Arcadia,International Airport,airMAX,airCHB,1,air502toCHB,
Murrville-Arcadia,International Airport,airMAX,airATC,1,air503toATC,
Murrville-Arcadia,International Airport,airMAX,airZAQ,1,air504toZAQ,
Murrville-Arcadia,International Airport,airMAX,airLHT,1,air505toLHT,
Murrville-Arcadia,International Airport,airMAX,airFYI,1,air506toFYI,wp171toFYI
Murrville-Arcadia,International Airport,airMAX,airKZH,1,air679toKZH,
Murrville-Arcadia,International Airport,airMAX,airKMA,1,air703toKMA,
Murrville-Arcadia,International Airport,airMAX,airCYR,1,air707toCYR,
Murrville-Arcadia,International Airport,airMAX,airMRI,1,air712toMRI,
Murrville-Arcadia,International Airport,airMAX,airLLM,1,air714toLLM,
Murrville-Arcadia,International Airport,airMAX,airMCA,1,air721toMCA,
Murrville-Arcadia,International Airport,airMAX,airMLH,1,wp5toMLH,
Murrville-Arcadia,International Airport,airMAX,airEIA,1,wp39toEIA,
Murrville-Arcadia,International Airport,airMAX,airWHT,1,wp101toWHT,
Murrville-Arcadia,International Airport,airMAX,airAIS,1,wp107toAIS,
Murrville-Arcadia,International Airport,airMAX,airBFA,1,wp108toBFA,
Murrville-Arcadia,International Airport,airMAX,airNIL,1,wp111toNIL,
Murrville-Arcadia,International Airport,airMAX,airAFK,1,wp113toAFK,
Murrville-Arcadia,International Airport,airMAX,airHIR,1,wp115toHIR,
Murrville-Arcadia,International Airport,airMAX,airIXM,1,wp119toIXM,
Murrville-Arcadia,International Airport,airMAX,airEEA,1,wp120toEEA,
Murrville-Arcadia,International Airport,airMAX,airWRA,1,wp123toWRA,
Murrville-Arcadia,International Airport,airMAX,airBVL,1,wp125toBVL,
Murrville-Arcadia,International Airport,airMAX,airANA,1,wp129toANA,
Murrville-Arcadia,International Airport,airMAX,airABG,1,wp132toABG,
Murrville-Arcadia,International Airport,airMAX,airCWI,1,wp133toCWI,
Murrville-Arcadia,International Airport,airMAX,airSAN,1,wp138toSAN,
Murrville-Arcadia,International Airport,airMAX,airNHR,1,wp141toNHR,
Murrville-Arcadia,International Airport,airMAX,airFSI,1,wp143toFSI,wp184toFSI
Murrville-Arcadia,International Airport,airMAX,airCFA,1,wp145toCFA,
Murrville-Arcadia,International Airport,airMAX,airDFM,1,wp151toDFM,
Murrville-Arcadia,International Airport,airMAX,airRVA,1,wp155toRVA,
Murrville-Arcadia,International Airport,airMAX,airCIA,1,wp158toCIA,
Murrville-Arcadia,International Airport,airMAX,airEBI,1,wp168toEBI,
Murrville-Arcadia,International Airport,airMAX,airACA,1,wp177toACA,
Murrville-Arcadia,International Airport,airMAX,airMPI,1,wp183toMPI,
Murrville-Arcadia,International Airport,airMAX,airOPA,1,wp185toOPA,
Murrville-Arcadia,International Airport,airMAX,railMAX,30,walk,
,,,,,,
New Acreadium,Schiphol International Airport,airSIA,airEIA,1,wp42toEIA,
New Acreadium,Schiphol International Airport,airSIA,railSIA,30,walk,
,,,,,,
New Bakersville City,Airfield,airNBC,airSEG,1,air115toSEG,
New Bakersville City,Airfield,airNBC,airWMI,1,air251toWMI,
New Bakersville City,Airfield,airNBC,airNIL,1,air527toNIL,
New Bakersville City,Airfield,airNBC,railNBC,30,walk,
,,,,,,
New Gensokyo,Regional Airfield,airNGY,airEIA,1,wp109toEIA,
New Gensokyo,Regional Airfield,airNGY,airNIL,1,heli16toNIL,
New Gensokyo,Regional Airfield,airNGY,railNGY,30,walk,
,,,,,,
New Mayton City,International Airport,airYYN,airSEG,1,air171toSEG,
New Mayton City,International Airport,airYYN,airAFK,1,air664toAFK,
New Mayton City,International Airport,airYYN,airEEA,1,air665toEEA,
,,,,,,
New Woodbury,Airfield,airNWA,airEIA,1,wp48toEIA,
,,,,,,
Nippia-Liten,Metropolitan Airport,airNIL,airSEG,1,air162toSEG,
Nippia-Liten,Metropolitan Airport,airNIL,airWMI,1,air224toWMI,
Nippia-Liten,Metropolitan Airport,airNIL,airEBI,1,air328toEBI,
Nippia-Liten,Metropolitan Airport,airNIL,airWOI,1,air437toWOI,
Nippia-Liten,Metropolitan Airport,airNIL,airCBZ,1,air512toCBZ,
Nippia-Liten,Metropolitan Airport,airNIL,airNBC,1,air527toNBC,
Nippia-Liten,Metropolitan Airport,airNIL,airNHR,1,air528toNHR,
Nippia-Liten,Metropolitan Airport,airNIL,airZAQ,1,air529toZAQ,
Nippia-Liten,Metropolitan Airport,airNIL,airATC,1,air530toATC,
Nippia-Liten,Metropolitan Airport,airNIL,airCWI,1,air531toCWI,
Nippia-Liten,Metropolitan Airport,airNIL,airDFM,1,air532toDFM,
Nippia-Liten,Metropolitan Airport,airNIL,airMSA,1,air533toMSA,
Nippia-Liten,Metropolitan Airport,airNIL,airSSI,1,air534toSSI,
Nippia-Liten,Metropolitan Airport,airNIL,airHIR,1,air535toHIR,
Nippia-Liten,Metropolitan Airport,airNIL,airWHT,1,air536toWHT,
Nippia-Liten,Metropolitan Airport,airNIL,airEEA,1,air537toEEA,
Nippia-Liten,Metropolitan Airport,airNIL,airAFK,1,air538toAFK,
Nippia-Liten,Metropolitan Airport,airNIL,airSRX,1,air539toSRX,
Nippia-Liten,Metropolitan Airport,airNIL,airKMA,1,air705toKMA,
Nippia-Liten,Metropolitan Airport,airNIL,airLLM,1,air715toLLM,
Nippia-Liten,Metropolitan Airport,airNIL,airKTB,1,air722toKTB,
Nippia-Liten,Metropolitan Airport,airNIL,airEIA,1,wp25toEIA,
Nippia-Liten,Metropolitan Airport,airNIL,airAIS,1,wp110toAIS,
Nippia-Liten,Metropolitan Airport,airNIL,airMAX,1,wp111toMAX,
Nippia-Liten,Metropolitan Airport,airNIL,airBMH,1,heli14toBMH,
Nippia-Liten,Metropolitan Airport,airNIL,airCHB,1,heli15toCHB,
Nippia-Liten,Metropolitan Airport,airNIL,airNGY,1,heli16toNGY,
Nippia-Liten,Metropolitan Airport,airNIL,airLAR,1,heli17toLAR,
Nippia-Liten,Metropolitan Airport,airNIL,airEIH,1,heli18toEIH,
Nippia-Liten,Metropolitan Airport,airNIL,airGIL,1,heli19toHIL,
Nippia-Liten,Metropolitan Airport,airNIL,airDLT,1,heli20toDLT,
Nippia-Liten,Metropolitan Airport,airNIL,busNIL,30,walk,
,,,,,,
North Haven,Riverside Airfield,airNHR,airSEG,1,air114toSEG,
North Haven,Riverside Airfield,airNHR,airWMI,1,air250toWMI,wp142toWMI
North Haven,Riverside Airfield,airNHR,airNIL,1,air528toNIL,
North Haven,Riverside Airfield,airNHR,airEIA,1,wp84toEIA,
North Haven,Riverside Airfield,airNHR,airMAX,1,wp141toMAX,
North Haven,Riverside Airfield,airNHR,railNHR,30,walk,
,,,,,,
Norwest,Airfield,airNWT,airSEG,1,air131toSEG,
Norwest,Airfield,airNWT,airWMI,1,air213toWMI,
Norwest,Airfield,airNWT,airHZN,1,air574toHZN,
Norwest,Airfield,airNWT,airEIA,1,wp23toEIA,
Norwest,Airfield,airNWT,airHMH,1,heamp15toHMH,
,,,,,,
Nymphalia,Windus Aura Airfield,airNMW,airSEG,1,air169toSEG,
Nymphalia,Windus Aura Airfield,airNMW,airWMI,1,air252toWMI,
Nymphalia,Windus Aura Airfield,airNMW,airEEA,1,air658toEEA,
,,,,,,
Oparia,LeTourneau International Airport,airOPA,airEBI,1,air301toEBI,
Oparia,LeTourneau International Airport,airOPA,airCHB,1,air507toCHB,
Oparia,LeTourneau International Airport,airOPA,airDFM,1,air626toDFM,
Oparia,LeTourneau International Airport,airOPA,airEIA,1,wp175toEIA,
Oparia,LeTourneau International Airport,airOPA,airMAX,1,wp185toMAX,
Oparia,LeTourneau International Airport,airOPA,airCWI,1,wp189toCWI,
Oparia,LeTourneau International Airport,airOPA,railOPA,30,walk,
,,,,,,
Paixton,Regional Airport,airPAX,airSEG,1,air123toSEG,
Paixton,Regional Airport,airPAX,airWMI,1,air212toWMI,
Paixton,Regional Airport,airPAX,airEEA,1,air604toEEA,
Paixton,Regional Airport,airPAX,airEIA,1,wp70toEIA,
,,,,,,
Palestropol-Southport-sur-mer,Polytan International Airport,airPIA,airSEG,1,air164toSEG,
Palestropol-Southport-sur-mer,Polytan International Airport,airPIA,airHAM,1,air640toHAM,
,,,,,,
Peacopolis,International Airport,airPCE,airEIA,1,wp98toEIA,
,,,,,,
Pixl,Island International Airport,airPXA,airEBI,1,air334toEBI,
Pixl,Island International Airport,airPXA,airZAQ,1,air682toZAQ,
Pixl,Island International Airport,airPXA,airLHT,1,air683toLHT,
Pixl,Island International Airport,airPXA,airSEG,1,seg13toSEG,
Pixl,Island International Airport,airPXA,airEIA,1,wp192toEIA,
,,,,,,
Pixl,Vinayaka City Airfield,airPXL,airSEG,1,air134toSEG,
Pixl,Vinayaka City Airfield,airPXL,airWMI,1,air241toWMI,
Pixl,Vinayaka City Airfield,airPXL,airEEA,1,air603toEEA,
Pixl,Vinayaka City Airfield,airPXL,airEIA,1,wp73toEIA,
Pixl,Vinayaka City Airfield,airPXL,sailPIX,30,walk,
,,,,,,
PMW City,Pine Mountain Airfield,airPMA,airEIA,1,wp106toEIA,
PMW City,Pine Mountain Airfield,airPMA,airHMH,1,heamp2toHMH,
,,,,,,
PMW City,Welsbury Regional Airfield,airWRA,airSEG,1,seg6toSEG,
PMW City,Welsbury Regional Airfield,airWRA,airAIS,1,wp105toAIS,
PMW City,Welsbury Regional Airfield,airWRA,airMAX,1,wp123toMAX,
,,,,,,
Porton,Regional Airfield,airPRA,airWMI,1,air253toWMI,
Porton,Regional Airfield,airPRA,airAFK,1,air662toAFK,
Porton,Regional Airfield,airPRA,airAIR,1,air725toAIR,
Porton,Regional Airfield,airPRA,airSEG,1,seg9toSEG,
,,,,,,
Porton,Seaplane Dock,airPTN,airZAQ,1,poseidon7toZAQ,
,,,,,,
Radiance Square,International Airport,airRSQ,airSEG,1,seg8toSEG,
Radiance Square,International Airport,airRSQ,airEIA,1,wp40toEIA,
,,,,,,
Ravenna,Mountainside International Airport,airRAV,airSEG,1,air128toSEG,
Ravenna,Mountainside International Airport,airRAV,airWMI,1,air216toWMI,
Ravenna,Mountainside International Airport,airRAV,airATC,1,air549toATC,
Ravenna,Mountainside International Airport,airRAV,airEIA,1,wp30toEIA,
Ravenna,Mountainside International Airport,airRAV,railRAV,30,walk,
Ravenna,Mountainside International Airport,airRAV,busRAV,30,walk,
,,,,,,
Redwood,Executive Airport,airRED,airSEG,1,air166toSEG,
Redwood,Executive Airport,airRED,airHIR,1,air650toHIR,
Redwood,Executive Airport,airRED,airZAQ,1,air651toZAQ,
Redwood,Executive Airport,airRED,airEIA,1,wp159toEIA,
,,,,,,
Richville,International Airport,airRVA,airSEG,1,air157toSEG,
Richville,International Airport,airRVA,airEBI,1,air311toEBI,
Richville,International Airport,airRVA,airWOI,1,air401toWOI,
Richville,International Airport,airRVA,airCBI,1,air516toCBI,
Richville,International Airport,airRVA,airATC,1,air544toATC,
Richville,International Airport,airRVA,airDFM,1,air629toDFM,wp154toDFM
Richville,International Airport,airRVA,airKTI,1,air634toKTI,
Richville,International Airport,airRVA,airMRR,1,air719toMRR,
Richville,International Airport,airRVA,airEIA,1,wp90toEIA,
Richville,International Airport,airRVA,airMAX,1,wp155toMAX,
,,,,,,
Richville,Tom Paris-Richville City Airfield,airTPA,airWMI,1,wp160toWMI,
Richville,Tom Paris-Richville City Airfield,airTPA,airABG,1,wp161toABG,
,,,,,,
Rizalburg,Strand Airfield,airRSA,airSEG,1,air142toSEG,
Rizalburg,Strand Airfield,airRSA,airWMI,1,air231toWMI,
Rizalburg,Strand Airfield,airRSA,airCBZ,1,air510toCBZ,
Rizalburg,Strand Airfield,airRSA,busRSA,30,walk,
,,,,,,
Saint Roux,Charles de Gaulle International Airport,airSRX,airSEG,1,air120toSEG,
Saint Roux,Charles de Gaulle International Airport,airSRX,airEBI,1,air317toEBI,
Saint Roux,Charles de Gaulle International Airport,airSRX,airCBI,1,air522toCBI,
Saint Roux,Charles de Gaulle International Airport,airSRX,airNIL,1,air539toNIL,
Saint Roux,Charles de Gaulle International Airport,airSRX,airFYI,1,air562toFYI,
Saint Roux,Charles de Gaulle International Airport,airSRX,airHND,1,air621toHND,
Saint Roux,Charles de Gaulle International Airport,airSRX,airEIA,1,wp57toEIA,
Saint Roux,Charles de Gaulle International Airport,airSRX,airSHP,1,segHeli3toSHP,
Saint Roux,Charles de Gaulle International Airport,airSRX,airHMH,1,heamp16toHMH,
,,,,,,
San Reinoldi,IntraAir Heli Lines Boarding Center,airNIH,airWOI,1,heli3toWOI,
,,,,,,
San Reinoldi,Fernando Savater International Airport,airSAN,airSEG,1,air122toSEG,
San Reinoldi,Fernando Savater International Airport,airSAN,airWOI,1,air438toWOI,
San Reinoldi,Fernando Savater International Airport,airSAN,airDFM,1,air627toDFM,
San Reinoldi,Fernando Savater International Airport,airSAN,airMAX,1,wp138toMAX,
San Reinoldi,Fernando Savater International Airport,airSAN,airFYI,1,wp149toFYI,
,,,,,,
Sansvikk,Kamprad Airfield,airSKA,airEIA,1,wp139toEIA,
,,,,,,
Schillerton,Sayles Hill Airfield,airSSH,airEIA,1,wp46toEIA,
,,,,,,
Segville,Heliport,airSHP,airSTO,1,segHeli1toSTO,
Segville,Heliport,airSHP,airFQR,1,segHeli2toFQR,
Segville,Heliport,airSHP,airSRX,1,segHeli3toSRX,
Segville,Heliport,airSHP,airITC,1,segHeli4toITC,
Segville,Heliport,airSHP,airSFP,1,segHeli5toSFP,
Segville,Heliport,airSHP,airKTI,1,segHeli6toKTI,
Segville,Heliport,airSHP,airHMH,1,segHeli7toHMH,
Segville,Heliport,airSHP,airEBI,1,segHeli8toEBI,
Segville,Heliport,airSHP,airCCH,1,segHeli9toCCH,
Segville,Heliport,airSHP,airAFK,1,segHeli10toAFK,
Segville,Heliport,airSHP,airELC,1,segHeli11toELC,
Segville,Heliport,airSHP,airWAV,1,segHeli12toWAV,
Segville,Heliport,airSHP,airEEA,1,segHeli13toEEA,
Segville,Heliport,airSHP,airVCA,1,segHeli14toVCA,
Segville,Heliport,airSHP,airVIC,1,segHeli15toVIC,
,,,,,,
Segville,IntraAir Heli Lines Boarding Center,airSIH,airWOI,1,heli1toWOI,
,,,,,,
Seoland,Trimunicipalities Airport,airSTS,airEIA,1,wp104toEIA,
,,,,,,
Shenghua,International Airport,airSHI,airSEG,1,air178toSEG,
Shenghua,International Airport,airSHI,airAFK,1,air680toAFK,
Shenghua,International Airport,airSHI,airDFM,1,air681toDFM,
,,,,,,
Siletz,Umatilla Regional Airfield,airSUA,airSEG,1,air127toSEG,
Siletz,Umatilla Regional Airfield,airSUA,airWMI,1,air208toWMI,
Siletz,Umatilla Regional Airfield,airSUA,airKWT,1,air674toKWT,
Siletz,Umatilla Regional Airfield,airSUA,railSLZ,30,walk,
Siletz,Umatilla Regional Airfield,airSUA,busSLZ,30,walk,
,,,,,,
Southoak,South Plains Airport,airSVS,airEIA,1,air166toEIA,
,,,,,,
Spring Valley,Regional Airfield,airSVA,airSEG,1,air121toSEG,
Spring Valley,Regional Airfield,airSVA,airLAR,1,air615toLAR,
Spring Valley,Regional Airfield,airSVA,airGSM,1,air657toGSM,
Spring Valley,Regional Airfield,airSVA,airHMH,1,heamp3toHMH,
Spring Valley,Regional Airfield,airSVA,railSVA,30,walk,
,,,,,,
Spruce Neck,Heliport,airSNK,airARS,1,heli7toARS,
Spruce Neck,Heliport,airSNK,railSNK,30,walk,
,,,,,,
Stoneedge,Orcus Heliport,airSTO,airSHP,1,segHeli1toSHP,
,,,,,,
Sunflower Plains,Heliport,airSFP,airSHP,1,segHeli5toSHP,
,,,,,,
Sunshine Coast,Mspalmas International Airport,airSSI,airSEG,1,air136toSEG,
Sunshine Coast,Mspalmas International Airport,airSSI,airEBI,1,air321toEBI,
Sunshine Coast,Mspalmas International Airport,airSSI,airCBI,1,air518toCBI,
Sunshine Coast,Mspalmas International Airport,airSSI,airNIL,1,air534toNIL,
Sunshine Coast,Mspalmas International Airport,airSSI,airATC,1,air540toATC,
Sunshine Coast,Mspalmas International Airport,airSSI,airMCI,1,air622toMCI,
Sunshine Coast,Mspalmas International Airport,airSSI,airEIA,1,air647toEIA,
Sunshine Coast,Mspalmas International Airport,airSSI,railSSI,30,walk,
,,,,,,
Sunshine Coast,Cacto Regional Airport,airSSR,airACA,1,poseidon2toACA,
Sunshine Coast,Cacto Regional Airport,airSSR,railSSR,30,walk,
,,,,,,
Thunderbird,International Airport,airTBI,airEIA,1,wp94toEIA,
,,,,,,
Titsensaki,City Airport,airTCB,airACA,1,wp178toACA,
Titsensaki,City Airport,airTCB,airWMI,1,wp179toWMI,
,,,,,,
Titsensaki,Sealerwhale International Airport,airTSA,airSEG,1,air112toSEG,
Titsensaki,Sealerwhale International Airport,airTSA,airEBI,1,air318toEBI,
Titsensaki,Sealerwhale International Airport,airTSA,airEIA,1,air555toEIA,
Titsensaki,Sealerwhale International Airport,airTSA,railTSA,30,walk,
,,,,,,
Tranquil Forest,Airfield,airTFA,airSEG,1,air125toSEG,
Tranquil Forest,Airfield,airTFA,airWMI,1,air211toWMI,
Tranquil Forest,Airfield,airTFA,airGZA,1,air599toGZA,
,,,,,,
Utopia,Anthony Fokker Regional Airport,airAFK,airSEG,1,air158toSEG,
Utopia,Anthony Fokker Regional Airport,airAFK,airWMI,1,air227toWMI,
Utopia,Anthony Fokker Regional Airport,airAFK,airNIL,1,air538toNIL,
Utopia,Anthony Fokker Regional Airport,airAFK,airATC,1,air548toATC,
Utopia,Anthony Fokker Regional Airport,airAFK,airZAQ,1,air580toZAQ,
Utopia,Anthony Fokker Regional Airport,airAFK,airGZA,1,air600toGZA,
Utopia,Anthony Fokker Regional Airport,airAFK,airEEA,1,air605toEEA,
Utopia,Anthony Fokker Regional Airport,airAFK,airFYA,1,air610toFYA,
Utopia,Anthony Fokker Regional Airport,airAFK,airDBC,1,air611toDBC,
Utopia,Anthony Fokker Regional Airport,airAFK,airPRA,1,air662toPRA,
Utopia,Anthony Fokker Regional Airport,airAFK,airYYN,1,air664toYYN,
Utopia,Anthony Fokker Regional Airport,airAFK,airKWT,1,air673toKWT,
Utopia,Anthony Fokker Regional Airport,airAFK,airSHI,1,air680toSHI,
Utopia,Anthony Fokker Regional Airport,airAFK,airEIA,1,wp21toEIA,
Utopia,Anthony Fokker Regional Airport,airAFK,airAIS,1,wp112toAIS,
Utopia,Anthony Fokker Regional Airport,airAFK,airMAX,1,wp113toMAX,
Utopia,Anthony Fokker Regional Airport,airAFK,airSHP,1,segHeli10toSHP,
Utopia,Anthony Fokker Regional Airport,airAFK,railAFK,30,walk,
Utopia,Anthony Fokker Regional Airport,airAFK,busAFK,30,walk,
,,,,,,
Utopia,Jimmy Doolittle Regional Airport,airJDL,airEBI,1,air316toEBI,
Utopia,Jimmy Doolittle Regional Airport,airJDL,airWOI,1,air406toWOI,
Utopia,Jimmy Doolittle Regional Airport,airJDL,airHZN,1,air572toHZN,
Utopia,Jimmy Doolittle Regional Airport,airJDL,airZAQ,1,posidon6toZAQ,
Utopia,Jimmy Doolittle Regional Airport,airJDL,busIKE,30,walk,
,,,,,,
Vegeta,City Airfield,airVCA,airSEG,1,air132toSEG,
Vegeta,City Airfield,airVCA,airWMI,1,air243toWMI,
Vegeta,City Airfield,airVCA,airDFM,1,air614toDFM,
Vegeta,City Airfield,airVCA,airSHP,1,segHeli14toSHP,
Vegeta,City Airfield,airVCA,airHMH,1,heamp7toHMH,
Vegeta,City Airfield,airVCA,airCCH,1,eastern5toCCH,
Vegeta,City Airfield,airVCA,airKPC,1,eastern7toKPC,
Vegeta,City Airfield,airVCA,railVGJ,30,walk,
,,,,,,
Venceslo,Fifth Ward International Airport,airVFW,airSEG,1,air137toSEG,
Venceslo,Fifth Ward International Airport,airVFW,airWMI,1,air237toWMI,
Venceslo,Fifth Ward International Airport,airVFW,airATC,1,air552toATC,
Venceslo,Fifth Ward International Airport,airVFW,airEIA,1,wp26toEIA,
,,,,,,
Verdstrand,East Airfield,airVEX,airSEG,1,seg12toSEG,
,,,,,,
Vermilion,Gateway Airport,airVER,airSEG,1,air110toSEG,
Vermilion,Gateway Airport,airVER,airEBI,1,air307toEBI,
Vermilion,Gateway Airport,airVER,airCBI,1,air525toCBI,
Vermilion,Gateway Airport,airVER,airFYI,1,air559toFYI,
Vermilion,Gateway Airport,airVER,airLAR,1,air587toLAR,
Vermilion,Gateway Airport,airVER,airKNT,1,air588toKNT,
Vermilion,Gateway Airport,airVER,airMWT,1,air660toMWT,
Vermilion,Gateway Airport,airVER,airEIA,1,wp118toEIA,
,,,,,,
Victoria,International Airport,airVIC,airSEG,1,air130toSEG,
Victoria,International Airport,airVIC,airWMI,1,air217toWMI,
Victoria,International Airport,airVIC,airATC,1,air553toATC,
Victoria,International Airport,airVIC,airEIA,1,wp95toEIA,
Victoria,International Airport,airVIC,airSHP,1,segHeli15toSHP,
Victoria,International Airport,airVIC,railVIC,30,walk,
,,,,,,
Villanueva,Rick Sanchez Airfield,airRSZ,airEIA,1,wp165toEIA,
,,,,,,
Vill,IntraAir Poseidon Slip,airVIP,airZAQ,1,poseidon8toZAQ,
Vill,IntraAir Poseidon Slip,airVIP,airMIP,1,poseidon10toMIP,
Vill,IntraAir Poseidon Slip,airVIP,airAPR,1,poseidon11toAPR,
Vill,IntraAir Poseidon Slip,airVIP,sailVIL,0.1,walk,
,,,,,,
Washingcube,Airfield,airWCA,airSEG,1,air119toSEG,
Washingcube,Airfield,airWCA,airWMI,1,air209toWMI,
Washingcube,Airfield,airWCA,airKTI,1,air631toKTI,
Washingcube,Airfield,airWCA,airEIA,1,wp89toEIA,
Washingcube,Airfield,airWCA,busWCA,30,walk,
,,,,,,
Waterville,Municipal Airport,airWMA,airSEG,1,air113toSEG,
Waterville,Municipal Airport,airWMA,airWMI,1,air249toWMI,
Waterville,Municipal Airport,airWMA,airDFM,1,air617toDFM,
Waterville,Municipal Airport,airWMA,airHMH,1,heamp14toHMH,
,,,,,,
Waverly,Edinburgh Station,airWAV,airSHP,1,segHeli12toSHP,
Waverly,Edinburgh Station,airWAV,railWAV,30,walk,
,,,,,,
Wazamawazi,Zoeteman Regional Airport,airWZA,airATC,1,air547toATC,
Wazamawazi,Zoeteman Regional Airport,airWZA,airEIA,1,wp27toEIA,
,,,,,,
West Calbar,Regional Airport,airCAL,airSEG,1,air149toSEG,
West Calbar,Regional Airport,airCAL,airWMI,1,air242toWMI,
West Calbar,Regional Airport,airCAL,airZAQ,1,air584toZAQ,
West Calbar,Regional Airport,airCAL,airWYA,1,air619toWYA,
West Calbar,Regional Airport,airCAL,airLAR,1,air636toLAR,
West Calbar,Regional Airport,airCAL,airMMA,1,air637toMMA,
West Calbar,Regional Airport,airCAL,busCAL,30,walk,
,,,,,,
Whitechapel,Sky Harbor,airWHT,airSEG,1,air103toSEG,
Whitechapel,Sky Harbor,airWHT,airWMI,1,air238toWMI,
Whitechapel,Sky Harbor,airWHT,airCBI,1,air524toCBI,
Whitechapel,Sky Harbor,airWHT,airNIL,1,air536toNIL,
Whitechapel,Sky Harbor,airWHT,airGZA,1,air601toGZA,
Whitechapel,Sky Harbor,airWHT,airMWT,1,air661toMWT,
Whitechapel,Sky Harbor,airWHT,airEIA,1,wp43toEIA,
Whitechapel,Sky Harbor,airWHT,airBVL,1,wp99toBVL,
Whitechapel,Sky Harbor,airWHT,airHZN,1,wp100toHZN,
Whitechapel,Sky Harbor,airWHT,airMAX,1,wp101toMAX,
Whitechapel,Sky Harbor,airWHT,airEEA,1,wp121toEEA,
Whitechapel,Sky Harbor,airWHT,airMRI,1,skyWest1toMRI,
Whitechapel,Sky Harbor,airWHT,busWHT,30,walk,
,,,,,,
Whiteley,Aerodrome,airSWH,airSEG,1,air118toSEG,
Whiteley,Aerodrome,airSWH,airWMI,1,air204toWMI,
Whiteley,Aerodrome,airSWH,airEEA,1,air602toEEA,
,,,,,,
Woodsdale,Municipal Airport,airCWB,airSEG,1,air116toSEG,
Woodsdale,Municipal Airport,airCWB,airWOI,1,air439toWOI,
Woodsdale,Municipal Airport,airCWB,airCBZ,1,air513toCBZ,
Woodsdale,Municipal Airport,airCWB,airEIA,1,wp76toEIA,
Woodsdale,Municipal Airport,airCWB,airHMH,1,heamp11toHMH,
Woodsdale,Municipal Airport,airCWB,airEBI,1,eastern8toEBI,
,,,,,,
Wythern,Airfield,airWYA,airSEG,1,air126toSEG,
Wythern,Airfield,airWYA,airWMI,1,air210toWMI,
Wythern,Airfield,airWYA,airDFM,1,air618toDFM,
Wythern,Airfield,airWYA,airCAL,1,air619toCAL,
Wythern,Airfield,airWYA,airKTA,1,air620toKTA,
Wythern,Airfield,airWYA,airEIA,1,wp41toEIA,
,,,,,,
Xilia,IntraAir Heli Lines Boarding Center,airXIH,airWOI,1,heli2toWOI,
,,,,,,
Xilia,Saint-Exupry Airfield,airXSE,airEIA,1,wp127toEIA,
,,,,,,
Zaquar,Mnage et Trois Regional Airport,airZAQ,airSEG,1,air104toSEG,
Zaquar,Mnage et Trois Regional Airport,airZAQ,airWMI,1,air225toWMI,
Zaquar,Mnage et Trois Regional Airport,airZAQ,airWOI,1,air405toWOI,
Zaquar,Mnage et Trois Regional Airport,airZAQ,airMAX,1,air504toMAX,
Zaquar,Mnage et Trois Regional Airport,airZAQ,airNIL,1,air529toNIL,
Zaquar,Mnage et Trois Regional Airport,airZAQ,airATC,1,air543toATC,
Zaquar,Mnage et Trois Regional Airport,airZAQ,airLHT,1,air576toLHT,
Zaquar,Mnage et Trois Regional Airport,airZAQ,airBVL,1,air577toZAQ,
Zaquar,Mnage et Trois Regional Airport,airZAQ,airLAR,1,air578toLAR,
Zaquar,Mnage et Trois Regional Airport,airZAQ,airKTI,1,air579toKTI,
Zaquar,Mnage et Trois Regional Airport,airZAQ,airAFK,1,air580toAFK,
Zaquar,Mnage et Trois Regional Airport,airZAQ,airCWI,1,air581toCWI,
Zaquar,Mnage et Trois Regional Airport,airZAQ,airMMA,1,air582toMMA,
Zaquar,Mnage et Trois Regional Airport,airZAQ,airHIR,1,air583toHIR,
Zaquar,Mnage et Trois Regional Airport,airZAQ,airCAL,1,air584toCAL,
Zaquar,Mnage et Trois Regional Airport,airZAQ,airAIS,1,air585toAIS,
Zaquar,Mnage et Trois Regional Airport,airZAQ,airCFA,1,air586toCFA,
Zaquar,Mnage et Trois Regional Airport,airZAQ,airEIA,1,air644toEIA,
Zaquar,Mnage et Trois Regional Airport,airZAQ,airRED,1,air651toRED,
Zaquar,Mnage et Trois Regional Airport,airZAQ,airERZ1,1,air672toERZ,
Zaquar,Mnage et Trois Regional Airport,airZAQ,airAXB,1,air678toAXB,
Zaquar,Mnage et Trois Regional Airport,airZAQ,airPXA,1,air682toPXA,
Zaquar,Mnage et Trois Regional Airport,airZAQ,airZIC,1,gems7toZIC,
Zaquar,Mnage et Trois Regional Airport,airZAQ,airCCH,1,heli10toCCH,
Zaquar,Mnage et Trois Regional Airport,airZAQ,airKPC,1,heli12toKPC,
Zaquar,Mnage et Trois Regional Airport,airZAQ,airHMH,1,helo13toHMH,
Zaquar,Mnage et Trois Regional Airport,airZAQ,airAPR,1,poseidon3toAPR,
Zaquar,Mnage et Trois Regional Airport,airZAQ,airEIC,1,poseidon4toEIC,
Zaquar,Mnage et Trois Regional Airport,airZAQ,airMMN,1,poseidon5toMMN,
Zaquar,Mnage et Trois Regional Airport,airZAQ,airJDL,1,poseidon6toJDL,
Zaquar,Mnage et Trois Regional Airport,airZAQ,airPTN,1,poseidon7toPTN,
Zaquar,Mnage et Trois Regional Airport,airZAQ,airVIP,1,poseidon8toVIP,
Zaquar,Mnage et Trois Regional Airport,airZAQ,airMIP,1,poseidon9toMIP,
Zaquar,Mnage et Trois Regional Airport,airZAQ,airWAI,1,poseidon13toWAI,
Zaquar,Mnage et Trois Regional Airport,airZAQ,airDSP,1,poseidon15toDSP,
Zaquar,Mnage et Trois Regional Airport,airZAQ,airGAN,1,poseidon17toGAN,
Zaquar,Mnage et Trois Regional Airport,airZAQ,railZAQ,30,walk,
Zaquar,Mnage et Trois Regional Airport,airZAQ,bahnZQA,30,walk,
Zaquar,Mnage et Trois Regional Airport,airZAQ,sailZQW,30,walk,
Zaquar,Mnage et Trois Regional Airport,airZAQ,busZAQ,30,walk,
,,,,,,
Zerez,Capital International Airfield,airZRZ,airSEG,1,air133toSEG,
Zerez,Capital International Airfield,airZRZ,airWMI,1,air215toWMI,
Zerez,Capital International Airfield,airZRZ,airMAX,1,air501toMAX,
Zerez,Capital International Airfield,airZRZ,airEIA,1,wp72toEIA,
,,,,,,
Western Ocean International Airport,,airWOI,airSEG,1,air3toSEG,
Western Ocean International Airport,,airWOI,airWMI,1,air5toWMI,
Western Ocean International Airport,,airWOI,airEBI,1,air6toEBI,
Western Ocean International Airport,,airWOI,airRVA,1,air401toRVA,
Western Ocean International Airport,,airWOI,airMLH,1,air402toMLH,
Western Ocean International Airport,,airWOI,airKTI,1,air403toKTI,
Western Ocean International Airport,,airWOI,airEIA,1,air404toEIA,
Western Ocean International Airport,,airWOI,airZAQ,1,air405toZAQ,
Western Ocean International Airport,,airWOI,airJDL,1,air406toJDL,
Western Ocean International Airport,,airWOI,airFSI,1,air407toFSI,
Western Ocean International Airport,,airWOI,airATC,1,air408toATC,
Western Ocean International Airport,,airWOI,airFYI,1,air409toFYI,
Western Ocean International Airport,,airWOI,airCWI,1,air410toCWI,
Western Ocean International Airport,,airWOI,airKMA,1,air411toKMA,
Western Ocean International Airport,,airWOI,airMRI,1,air412toMRI,
Western Ocean International Airport,,airWOI,airCCX,1,air413toCCX,
Western Ocean International Airport,,airWOI,airMRR,1,air414toMRR,
Western Ocean International Airport,,airWOI,airAIA,1,air415toAIA,
Western Ocean International Airport,,airWOI,airRAA,1,air416toRAA,
Western Ocean International Airport,,airWOI,airLLM,1,air417toLLM,
Western Ocean International Airport,,airWOI,airAIR,1,air418toAIR,
Western Ocean International Airport,,airWOI,airCYR,1,air419toCYR,
Western Ocean International Airport,,airWOI,airMCA,1,air420toMCA,volanti6toMCA
Western Ocean International Airport,,airWOI,airBRK,1,air421toBRK,
Western Ocean International Airport,,airWOI,airAAA,1,air422toAAA,
Western Ocean International Airport,,airWOI,airCHB,1,air423toCHB,
Western Ocean International Airport,,airWOI,airMAX,1,air424toMAX,
Western Ocean International Airport,,airWOI,airDJE,1,air425toDJE,
Western Ocean International Airport,,airWOI,airAHX,1,air426toAHX,
Western Ocean International Airport,,airWOI,airSVM,1,air427toSVM,
Western Ocean International Airport,,airWOI,airOSI,1,air428toOSI,
Western Ocean International Airport,,airWOI,airCCF,1,air429toCCF,
Western Ocean International Airport,,airWOI,airKTB,1,air430toKTB,
Western Ocean International Airport,,airWOI,airOIA,1,air431toOIA,
Western Ocean International Airport,,airWOI,airRIV,1,air432toRIV,
Western Ocean International Airport,,airWOI,airMRA,1,air433toMRA,
Western Ocean International Airport,,airWOI,airFMA,1,air434toFMA,
Western Ocean International Airport,,airWOI,airDBC,1,air435toDBC,
Western Ocean International Airport,,airWOI,airDFM,1,air436toDFM,
Western Ocean International Airport,,airWOI,airNIL,1,air437toNIL,
Western Ocean International Airport,,airWOI,airSAN,1,air438toSAN,
Western Ocean International Airport,,airWOI,airCWB,1,air439toCWB,
Western Ocean International Airport,,airWOI,airBFA,1,air440toBFA,
Western Ocean International Airport,,airWOI,airGSM,1,air441toGSM,
Western Ocean International Airport,,airWOI,airZIC,1,gems5toZIC,
Western Ocean International Airport,,airWOI,airSIH,1,heli1toSIH,
Western Ocean International Airport,,airWOI,airXIH,1,heli2toXIH,
Western Ocean International Airport,,airWOI,airNIH,1,heli3toNIH,
Western Ocean International Airport,,airWOI,airLIH,1,heli4toLIH,
Western Ocean International Airport,,airWOI,airITC,1,heli5toITC,
Western Ocean International Airport,,airWOI,airARS,1,heli6toARS,
,,,,,,
Alturas,InterRegional Airport,airAIR,airWOI,1,air418toWOI,
Alturas,InterRegional Airport,airAIR,airPRA,1,air725toPRA,
Alturas,InterRegional Airport,airAIR,airKMA,1,air810toKMA,
Alturas,InterRegional Airport,airAIR,airAIA,1,air823toAIA,
Alturas,InterRegional Airport,airAIR,airLLM,1,air827toLLM,
Alturas,InterRegional Airport,airAIR,airSVM,1,air836toSVM,
Alturas,InterRegional Airport,airAIR,airMCA,1,volanti12toMCA,
Alturas,InterRegional Airport,airAIR,busALT,30,walk,
,,,,,,
Andromeda,International Airport,airAIA,airWOI,1,air415toWOI,
Andromeda,International Airport,airAIA,airAIR,1,air823toAIR,
Andromeda,International Airport,airAIA,airOSI,1,air824toOSI,
Andromeda,International Airport,airAIA,airMCA,1,volanti5toMCA,
,,,,,,
Arisa,Heliport,airARS,airWOI,1,heli6toWOI,
Arisa,Heliport,airARS,airSNK,1,heli7toSNK,
Arisa,Heliport,airARS,airCCH,1,heli9toCCH,
Arisa,Heliport,airARS,airFYA,1,heli11toFYA,
Arisa,Heliport,airARS,omegaARS,30,walk,
,,,,,,
Autocity,Antonio Airport,airAAA,airWOI,1,air422toWOI,
Autocity,Antonio Airport,airAAA,airMCA,1,volanti4toMCA,
,,,,,,
Brooklyn,Regional Airport,airBRK,airWOI,1,air421toWOI,
Brooklyn,Regional Airport,airBRK,airCYR,1,air816toCYR,
Brooklyn,Regional Airport,airBRK,airLLM,1,air826toLLM,
Brooklyn,Regional Airport,airBRK,airMCA,1,volanti13toMCA,
,,,,,,
Chack City,Airfield,airCCF,airWOI,1,air429toWOI,
Chack City,Airfield,airCCF,airKMA,1,air803toKMA,
Chack City,Airfield,airCCF,airCYR,1,air822toCYR,
,,,,,,
Crystal City,Municipal Airport,airCCX,airWOI,1,air413toWOI,
Crystal City,Municipal Airport,airCCX,airHZN,1,air720toHZN,
Crystal City,Municipal Airport,airCCX,airKMA,1,air807toKMA,
Crystal City,Municipal Airport,airCCX,airCYR,1,air814toCYR,
Crystal City,Municipal Airport,airCCX,airRAA,1,air831toRAA,
Crystal City,Municipal Airport,airCCX,airMRA,1,air832toMRA,
,,,,,,
Cyra,Underwood Municipal Airport,airCYR,airWOI,1,air419toWOI,
Cyra,Underwood Municipal Airport,airCYR,airMAX,1,air707toMAX,
Cyra,Underwood Municipal Airport,airCYR,airATC,1,air708toATC,
Cyra,Underwood Municipal Airport,airCYR,airCHB,1,air709toCHB,
Cyra,Underwood Municipal Airport,airCYR,airKMA,1,air805toKMA,
Cyra,Underwood Municipal Airport,airCYR,airLLM,1,air812toLLM,
Cyra,Underwood Municipal Airport,airCYR,airMRI,1,air813toMRI,
Cyra,Underwood Municipal Airport,airCYR,airCCX,1,air814toCCX,
Cyra,Underwood Municipal Airport,airCYR,airMRA,1,air815toMRA,
Cyra,Underwood Municipal Airport,airCYR,airBRK,1,air816toBRK,
Cyra,Underwood Municipal Airport,airCYR,airAHX,1,air817toAHX,
Cyra,Underwood Municipal Airport,airCYR,airKTB,1,air818toKTB,
Cyra,Underwood Municipal Airport,airCYR,airSVM,1,air819toSVM,
Cyra,Underwood Municipal Airport,airCYR,airOSI,1,air820toOSI,
Cyra,Underwood Municipal Airport,airCYR,airRAA,1,air821toRAA,
Cyra,Underwood Municipal Airport,airCYR,airCCF,1,air822toCCF,
Cyra,Underwood Municipal Airport,airCYR,airEIA,1,wp20toEIA,
Cyra,Underwood Municipal Airport,airCYR,airMCA,1,volanti9toMCA,
Cyra,Underwood Municipal Airport,airCYR,omegaCYR,30,walk,
,,,,,,
Hillside-Pagoda,Frederick E. Margaret Airfield,airFMA,airWOI,1,air434toWOI,
Hillside-Pagoda,Frederick E. Margaret Airfield,airFMA,airMRA,1,air838toMRA,
,,,,,,
Hillville,Atlanta-Hillville Metropolitan Airport,airAHX,airWOI,1,air426toWOI,
Hillville,Atlanta-Hillville Metropolitan Airport,airAHX,airKMA,1,air811toKMA,
Hillville,Atlanta-Hillville Metropolitan Airport,airAHX,airCYR,1,air817toCYR,
Hillville,Atlanta-Hillville Metropolitan Airport,airAHX,airSVM,1,air834toSVM,
Hillville,Atlanta-Hillville Metropolitan Airport,airAHX,airOIA,1,air837toOIA,
,,,,,,
Ice Springs,Regional Airport,airICE,airMCA,1,volanti11toMCA,
,,,,,,
Kitania,Municipal Airport,airKMA,airEBI,1,air326toEBI,
Kitania,Municipal Airport,airKMA,airWOI,1,air411toWOI,
Kitania,Municipal Airport,airKMA,airCBI,1,air701toCBI,
Kitania,Municipal Airport,airKMA,airIXM,1,air702toIXM,
Kitania,Municipal Airport,airKMA,airMAX,1,air703toMAX,
Kitania,Municipal Airport,airKMA,airLHT,1,air704toLHT,
Kitania,Municipal Airport,airKMA,airNIL,1,air705toNIL,
Kitania,Municipal Airport,airKMA,airFYI,1,air706toFYI,
Kitania,Municipal Airport,airKMA,airMRI,1,air801toMRI,
Kitania,Municipal Airport,airKMA,airMRR,1,air802toMRR,
Kitania,Municipal Airport,airKMA,airCCF,1,air803toCCF,
Kitania,Municipal Airport,airKMA,airRAA,1,air804toRAA,
Kitania,Municipal Airport,airKMA,airCYR,1,air805toCYR,
Kitania,Municipal Airport,airKMA,airLLM,1,air806toLLM,
Kitania,Municipal Airport,airKMA,airCCX,1,air807toCCX,
Kitania,Municipal Airport,airKMA,airMRA,1,air808toMRA,
Kitania,Municipal Airport,airKMA,airMCA,1,air809toMCA,
Kitania,Municipal Airport,airKMA,airAIR,1,air810toAIR,
Kitania,Municipal Airport,airKMA,airAHX,1,air811toAHX,
Kitania,Municipal Airport,airKMA,airOIA,1,air839toOIA,
Kitania,Municipal Airport,airKMA,airZIC,1,gems8toZIC,
,,,,,,
Kitania,East Murkland Airstrip,airKTB,airWOI,1,air430toWOI,
Kitania,East Murkland Airstrip,airKTB,airNIL,1,air722toNIL,
Kitania,East Murkland Airstrip,airKTB,airCYR,1,air818toCYR,
,,,,,,
Llamapolis,Eristheeagle Memorial Municipal Airport,airLLM,airWOI,1,air417toWOI,
Llamapolis,Eristheeagle Memorial Municipal Airport,airLLM,airCHB,1,air713toCHB,
Llamapolis,Eristheeagle Memorial Municipal Airport,airLLM,airMAX,1,air714toMAX,
Llamapolis,Eristheeagle Memorial Municipal Airport,airLLM,airLLM,1,air715toLLM,
Llamapolis,Eristheeagle Memorial Municipal Airport,airLLM,airKMA,1,air806toKMA,
Llamapolis,Eristheeagle Memorial Municipal Airport,airLLM,airCYR,1,air812toCYR,
Llamapolis,Eristheeagle Memorial Municipal Airport,airLLM,airMRI,1,air825toMRI,
Llamapolis,Eristheeagle Memorial Municipal Airport,airLLM,airBRK,1,air826toBRK,
Llamapolis,Eristheeagle Memorial Municipal Airport,airLLM,airAIR,1,air827toAIR,
Llamapolis,Eristheeagle Memorial Municipal Airport,airLLM,airOSI,1,air828toOSI,
Llamapolis,Eristheeagle Memorial Municipal Airport,airLLM,airSVM,1,air829toSVM,
Llamapolis,Eristheeagle Memorial Municipal Airport,airLLM,airRIV,1,air830toRIV,
Llamapolis,Eristheeagle Memorial Municipal Airport,airLLM,airMCA,1,volanti15toMCA,
Llamapolis,Eristheeagle Memorial Municipal Airport,airLLM,omegaLLM,30,walk,
,,,,,,
MineCity,Regional Airport,airMCA,airWOI,1,air420toWOI,volanti6toWOI
MineCity,Regional Airport,airMCA,airMAX,1,air721toMAX,
MineCity,Regional Airport,airMCA,airKMA,1,air809toKMA,
MineCity,Regional Airport,airMCA,airEIA,1,wp38toEIA,
MineCity,Regional Airport,airMCA,airOSI,1,volanti1toOSI,
MineCity,Regional Airport,airMCA,airOIA,1,volanti2toOIA,
MineCity,Regional Airport,airMCA,airRIV,1,volanti3toRIV,
MineCity,Regional Airport,airMCA,airAAA,1,volanti4toAAA,
MineCity,Regional Airport,airMCA,airAIA,1,volanti5toAIA,
MineCity,Regional Airport,airMCA,airMRR,1,volanti7toMRR,
MineCity,Regional Airport,airMCA,airMRI,1,volanti8toMRI,
MineCity,Regional Airport,airMCA,airCYR,1,volanti9toCYR,
MineCity,Regional Airport,airMCA,airTIA,1,volanti10toTIA,
MineCity,Regional Airport,airMCA,airICE,1,volanti11toICE,
MineCity,Regional Airport,airMCA,airAIR,1,volanti12toAIR,
MineCity,Regional Airport,airMCA,airBRK,1,volanti13toBRK,
MineCity,Regional Airport,airMCA,airRAA,1,volanti14toRAA,
MineCity,Regional Airport,airMCA,airLLM,1,volanti15toLLM,
MineCity,Regional Airport,airMCA,airNTA,1,volanti16toNTA,
MineCity,Regional Airport,airMCA,airMOW,1,volanti17toMOW,
MineCity,Regional Airport,airMCA,omegaMCY,30,walk,
,,,,,,
Mineomania,Orville Wright Airport,airMOW,airMCA,1,volanti17toMCA,
,,,,,,
Miningstone,Regional Airport,airMRA,airWOI,1,air433toWOI,
Miningstone,Regional Airport,airMRA,airKMA,1,air808toKMA,
Miningstone,Regional Airport,airMRA,airCYR,1,air815toCYR,
Miningstone,Regional Airport,airMRA,airCCX,1,air832toCCX,
Miningstone,Regional Airport,airMRA,airFMA,1,air838toFMA,
Miningstone,Regional Airport,airMRA,omegaMST,30,walk,
,,,,,,
Ocean Suburb,International Airport,airOSI,airWOI,1,air428toWOI,
Ocean Suburb,International Airport,airOSI,airCBI,1,air723toCBI,
Ocean Suburb,International Airport,airOSI,airCWI,1,air724toCWI,
Ocean Suburb,International Airport,airOSI,airCYR,1,air820toCYR,
Ocean Suburb,International Airport,airOSI,airAIA,1,air824toAIA,
Ocean Suburb,International Airport,airOSI,airLLM,1,air828toLLM,
Ocean Suburb,International Airport,airOSI,airSVM,1,air835toSVM,
Ocean Suburb,International Airport,airOSI,airMCA,1,volanti1toMCA,
,,,,,,
Omerah,International Airport,airOIA,airWOI,1,air431toWOI,
Omerah,International Airport,airOIA,airAHX,1,air837toAHX,
Omerah,International Airport,airOIA,airKMA,1,air839toKMA,
Omerah,International Airport,airOIA,airMCA,1,volanti2toMCA,
,,,,,,
Pig Racing,Seaplane Base,airPIG,airZIC,1,poseidon1toZIC,
,,,,,,
MRT International Airport,,airMRI,airSEG,1,air101toSEG,
MRT International Airport,,airMRI,airEBI,1,air327toEBI,
MRT International Airport,,airMRI,airWOI,1,air412toWOI,
MRT International Airport,,airMRI,airATC,1,air710toATC,
MRT International Airport,,airMRI,airMLH,1,air711toMLH,
MRT International Airport,,airMRI,airMAX,1,air712toMAX,
MRT International Airport,,airMRI,airKMA,1,air801toKMA,
MRT International Airport,,airMRI,airCYR,1,air813toCYR,
MRT International Airport,,airMRI,airLLM,1,air825toLLM,
MRT International Airport,,airMRI,airEIA,1,wp1toEIA,
MRT International Airport,,airMRI,airMCA,1,volanti8toMCA,
MRT International Airport,,airMRI,airWHT,1,skyWest1toWHT,
MRT International Airport,,airMRI,airZIC,1,gems6toZIC,
,,,,,,
Riverside,Northern Trail Airfield,airNTA,airMCA,1,volanti16toMCA,
,,,,,,
Riverside,Airport,airRIV,airWOI,1,air432toWOI,
Riverside,Airport,airRIV,airLLM,1,air830toLLM,
Riverside,Airport,airRIV,airRAA,1,air833toRAA,
Riverside,Airport,airRIV,airMCA,1,volanti3toMCA,
,,,,,,
Rockaway City,Rockaway Airport,airRAA,airWOI,1,air416toWOI,
Rockaway City,Rockaway Airport,airRAA,airKMA,1,air804toKMA,
Rockaway City,Rockaway Airport,airRAA,airCYR,1,air821toCYR,
Rockaway City,Rockaway Airport,airRAA,airCCX,1,air831toCCX,
Rockaway City,Rockaway Airport,airRAA,airRIV,1,air833toRIV,
,,,,,,
Splurgeville,Municipal Airport,airSVM,airWOI,1,air427toWOI,
Splurgeville,Municipal Airport,airSVM,airCYR,1,air819toCYR,
Splurgeville,Municipal Airport,airSVM,airLLM,1,air829toLLM,
Splurgeville,Municipal Airport,airSVM,airAHX,1,air834toAHX,
Splurgeville,Municipal Airport,airSVM,airOSI,1,air835toOSI,
Splurgeville,Municipal Airport,airSVM,airAIR,1,air836toAIR,
,,,,,,
Treplw,International Airport,airTIA,airMCA,1,volanti10toMCA,
,,,,,,
MRT Regional Airport,,airMRR,airWOI,1,air414toWOI,
MRT Regional Airport,,airMRR,airEIA,1,air716toEIA,
MRT Regional Airport,,airMRR,airATC,1,air717toATC,
MRT Regional Airport,,airMRR,airKTI,1,air718toKTI,
MRT Regional Airport,,airMRR,airRVA,1,air719toRVA,
MRT Regional Airport,,airMRR,airKMA,1,air802toKMA,
MRT Regional Airport,,airMRR,airMCA,1,volanti7toMCA,
MRT Regional Airport,,airMRR,omegaMRR,30,walk,
,,,,,,
Zicronia,Anaconda Regional Airport,airZIC,airWOI,1,gems5toWOI,
Zicronia,Anaconda Regional Airport,airZIC,airMRI,1,gems6toMRI,
Zicronia,Anaconda Regional Airport,airZIC,airZAQ,1,gems7toZAQ,
Zicronia,Anaconda Regional Airport,airZIC,airKMA,1,gems8toKMA,
Zicronia,Anaconda Regional Airport,airZIC,airPIG,1,poseidon1toPIG,
Zicronia,Anaconda Regional Airport,airZIC,omegaZCR,30,walk,